Estado,Municipio,IdMunicipio,DDR,IdDDR,Cultivo,Anio,AnioFin,Lat,Lon,Z_m,max_intensidad_sequia,indice_estres_sequia_acumulado,fraccion_quincenas_sequia_severa,ET0_total_mm,ET0_mean_mm_d,ET0_min_mm_d,ET0_max_mm_d,Tmean_ciclo_mean_C,Tmean_ciclo_min_C,Tmean_ciclo_max_C,Tmax_ciclo_mean_C,Tmax_ciclo_min_C,Tmax_ciclo_max_C,Tmin_ciclo_mean_C,Tmin_ciclo_min_C,Tmin_ciclo_max_C,RH_mean_pct,RH_min_pct,RH_max_pct,Rs_mean_MJ_m2_d,Rs_min_MJ_m2_d,Rs_max_MJ_m2_d,Ws_mean_m_s,Ws_min_m_s,Ws_max_m_s,Ptot_total_mm,Ptot_mean_mm_d,Ptot_min_mm_d,Ptot_max_mm_d,Pef_total_mm,Pef_mean_mm_d,Pef_min_mm_d,Pef_max_mm_d,Rn_mean_MJ_m2_d,Rn_min_MJ_m2_d,Rn_max_MJ_m2_d,ratio_Ptot_ET0,dias_lluvia_ge_1mm,dias_lluvia_ge_5mm,dias_estres_calor,dias_riesgo_helada,ETc_total_mm,ETc_mean_mm_d,ETc_min_mm_d,ETc_max_mm_d,ETverde_total_mm,ETverde_mean_mm_d,ETverde_min_mm_d,ETverde_max_mm_d,ETazul_total_mm,ETazul_mean_mm_d,ETazul_min_mm_d,ETazul_max_mm_d,UACverde_m3_ha,UACazul_m3_ha,UACtotal_m3_ha,deficit_hidrico_mm,frac_verde,frac_azul,Rend_t_ha,SupSembradaTotal_ha,SupCosechadaTotal_ha,VolumenTotal_t,PMR,Valorproduccion,HHverde_m3_ton,HHazul_m3_ton,HHtotal_m3_ton
Sonora,General Plutarco Elías Calles,70,Caborca,139,Calabaza,2010,2011,31.694984,-112.711749,544.0,1,1.0,0.0,690.8970023795047,6.908970023795047,2.2071203146251577,11.031490322594694,19.44075,9.92,29.900000000000002,27.680099999999992,14.67,39.45,11.2014,2.44,20.93,35.8067,17.15,80.2,27.024100000000004,12.58,32.38,2.8539000000000003,1.2,5.18,39.86000000000001,0.39860000000000007,0.0,18.28,31.888,0.31888,0.0,14.624000000000002,15.799753263408574,8.235727642534165,19.09939159743107,0.05769311469396881,5,3,6,3,607.5429208780173,6.075429208780173,1.1035601573125788,9.60342649314793,14.495485238063305,0.14495485238063305,0.0,4.406566399259446,593.0474356399541,5.93047435639954,0.0,9.60342649314793,144.95485238063304,5930.474356399541,6075.429208780174,575.6549208780173,0.023859195358764972,0.9761408046412352,20.0,8.0,8.0,160.0,3000.0,480000.0,7.247742619031652,296.52371781997704,303.7714604390087
Sonora,General Plutarco Elías Calles,70,Caborca,139,Calabaza,2011,2012,31.694984,-112.711749,544.0,2,2.0,0.0,755.7527979405717,7.557527979405717,2.9314598252805824,10.948110283592705,21.437549999999998,10.325,28.815,29.748,14.52,38.35,13.127100000000002,3.97,20.34,27.4645,8.17,67.62,27.144299999999998,10.55,32.72,2.849100000000001,1.49,5.3,15.35,0.1535,0.0,11.95,12.280000000000001,0.1228,0.0,9.56,15.46327127704894,7.511094359830421,19.367328645859963,0.020310874193028183,3,1,14,1,656.9291189959306,6.569291189959306,2.1382204919935055,10.829348508154801,5.6514598252805825,0.056514598252805824,0.0,2.9314598252805824,651.27765917065,6.5127765917065,0.0,10.829348508154801,56.514598252805825,6512.776591706501,6569.291189959306,644.6491189959306,0.008602845667609372,0.9913971543323907,20.0,5.0,5.0,100.0,3900.0,390000.0,2.8257299126402913,325.638829585325,328.4645594979653
Sonora,General Plutarco Elías Calles,70,Caborca,139,Espárrago,2011,2012,31.694984,-112.711749,544.0,2,2.0,0.0,1791.276206574133,7.754442452701875,2.5825169354331794,12.656957827353665,24.821818181818184,0.7450000000000001,37.6,32.499350649350646,5.83,45.92,17.14428571428571,-4.34,29.5,31.956017316017316,8.17,67.62,25.703636363636363,7.32,32.72,2.861991341991342,1.43,6.05,117.39999999999999,0.5082251082251081,0.0,14.39,93.91999999999999,0.40658008658008654,0.0,11.512,15.106217222379708,5.4147445552941615,19.56662907442252,0.0655398645776303,30,5,105,14,1324.2493745367656,5.7326812750509335,1.2912584677165897,12.024109935985981,66.65697955218359,0.2885583530397558,0.0,4.28,1257.592394984582,5.444122922011177,0.0,11.359724269630965,666.5697955218359,12575.92394984582,13242.493745367656,1230.3293745367655,0.05033567002854036,0.9496643299714596,6.2,50.0,50.0,310.0,36030.0,11169300.0,107.51125734223159,2028.3748306202933,2135.886087962525
Sonora,General Plutarco Elías Calles,70,Caborca,139,Espárrago,2012,2013,31.694984,-112.711749,544.0,2,2.0,0.0,1703.483384030646,7.342600793235543,1.6882518205546466,12.668375072440433,24.656099137931037,7.955,35.83,32.0476724137931,11.47,43.36,17.264525862068965,2.72,28.98,36.94788793103448,10.38,82.36,25.100474137931034,9.91,32.75,2.719612068965517,1.27,6.45,242.42,1.0449137931034482,0.0,24.41,193.936,0.8359310344827586,0.0,19.528000000000002,14.933881267858196,6.872441944294966,19.488236915344142,0.14230840304788014,45,13,96,10,1292.466165244119,5.570974850190169,0.8441259102773233,12.034956318818411,88.90555106343902,0.3832135821699958,0.0,5.72753974780399,1203.5606141806802,5.187761268020173,0.0,12.034956318818411,889.0555106343902,12035.606141806802,12924.661652441193,1098.5301652441192,0.06878752686469489,0.9312124731353052,8.2,45.0,45.0,369.0,30100.0,11106900.0,108.42140373590125,1467.7568465618053,1576.1782502977067
Sonora,General Plutarco Elías Calles,70,Caborca,139,Espárrago,2013,2014,31.694984,-112.711749,544.0,3,2.2857142857142856,0.42857142857142855,1757.090502867746,7.606452393366865,1.8457600590231307,12.367914873333705,24.894350649350656,7.48,35.22,32.378181818181815,10.04,43.11,17.41051948051948,0.08,28.52,35.41632034632035,8.63,75.73,25.167532467532467,9.33,32.84,2.8373593073593075,0.92,6.27,202.01,0.8745021645021644,0.0,28.61,161.608,0.6996017316017317,0.0,22.888,14.963142126993553,5.6759150604445345,19.227985699818085,0.1149684661491822,35,12,102,15,1326.1925422703289,5.74109325658151,0.9228800295115653,11.74951912966702,85.05826402563511,0.3682175931845676,0.0,7.799514802138466,1241.1342782446936,5.372875663396942,0.0,11.74951912966702,850.5826402563512,12411.342782446936,13261.925422703287,1164.584542270329,0.06413719072799384,0.935862809272006,7.4,45.0,45.0,333.0,34800.0,11588400.0,114.94360003464205,1677.2084841144508,1792.1520841490928
Sonora,General Plutarco Elías Calles,70,Caborca,139,Espárrago,2014,2015,31.694984,-112.711749,544.0,2,1.6666666666666667,0.0,1757.8372276614796,7.609684968231513,2.0883107402159915,12.616135536388049,25.530238095238094,9.795,35.805,32.858311688311694,15.11,42.57,18.202164502164504,3.39,29.04,35.271125541125535,7.34,82.96,25.19220779220779,8.82,32.52,2.739047619047619,1.14,6.23,237.51,1.028181818181818,0.0,29.41,190.008,0.8225454545454546,0.0,23.528000000000002,14.949867367183794,6.465563009568413,19.59347824396287,0.1351148992992764,35,15,101,3,1333.101164272001,5.771000711134203,1.0441553701079958,11.985328759568645,79.47317058351472,0.3440396994957347,0.0,7.144,1253.6279936884862,5.426961011638468,0.0,11.985328759568645,794.7317058351472,12536.279936884861,13331.011642720008,1143.0931642720009,0.0596152585516003,0.9403847414483997,7.5,45.0,45.0,337.5,38000.0,12825000.0,105.96422744468629,1671.503991584648,1777.4682190293343
Sonora,General Plutarco Elías Calles,70,Caborca,139,Espárrago,2015,2016,31.694984,-112.711749,544.0,0,0.0,0.0,1649.6685908468248,7.141422471198376,1.8820548705441906,12.471573702080791,25.30952380952381,12.440000000000001,36.629999999999995,32.231904761904765,16.77,43.73,18.38714285714286,6.25,29.53,41.09229437229437,13.6,81.9,24.601904761904766,7.49,32.15,2.816017316017316,0.84,5.8,168.66,0.7301298701298701,0.0,12.38,134.92800000000003,0.5841038961038962,0.0,9.904000000000002,14.970565139384508,5.475446422344558,19.79197256037037,0.10223871687671626,40,10,89,0,1222.0274884134083,5.290162287503932,0.9410274352720953,11.847995016976752,104.7302617061967,0.45337775630388183,0.0,6.95719156137833,1117.2972267072114,4.836784531200049,0.0,11.847995016976752,1047.3026170619669,11172.972267072113,12220.27488413408,1087.0994884134082,0.0857020506487713,0.9142979493512285,7.8,78.0,45.0,351.0,31095.24,10914429.24,134.26956628999577,1432.4323419323223,1566.701908222318
Sonora,General Plutarco Elías Calles,70,Caborca,139,Espárrago,2016,2017,31.694984,-112.711749,544.0,3,1.9285714285714286,0.07142857142857142,1786.491400228485,7.70039396650209,3.1904451930610285,13.30689179618696,25.508556034482762,6.735,37.56,33.08094827586207,13.0,47.16,17.93616379310345,0.47,29.41,34.23961206896551,9.69,73.7,25.664396551724135,8.97,32.68,2.8179741379310346,1.41,5.33,155.40999999999997,0.6698706896551723,0.0,21.76,124.328,0.535896551724138,0.0,17.408,15.197980523190758,6.673951448226536,19.587011213016186,0.08699174257436877,28,12,94,4,1321.951772575183,5.6980679852378575,1.1540338120926732,12.641547206377611,73.93136116864575,0.31866966020967996,0.0,5.864000000000001,1248.0204114065373,5.379398325028178,0.0,12.641547206377611,739.3136116864575,12480.204114065373,13219.51772575183,1197.623772575183,0.05592591401774536,0.9440740859822546,8.87,515.0,515.0,4570.0,35686.02,163085111.24,83.34989985191179,1407.0128651708426,1490.3627650227543
Sonora,General Plutarco Elías Calles,70,Caborca,139,Espárrago,2017,2018,31.694984,-112.711749,544.0,2,1.2666666666666666,0.0,1727.0793135347076,7.476533824825574,1.6679181321366892,11.941399439192084,25.743852813852815,11.365,37.085,33.128961038961044,13.95,46.33,18.358744588744592,3.95,28.51,37.26601731601731,8.87,81.45,25.369696969696967,5.12,33.65,2.676883116883117,1.02,6.46,194.03,0.83995670995671,0.0,21.73,155.224,0.6719653679653679,0.0,17.384,15.174100301716448,4.432816988996361,19.80112035534625,0.11234573796318055,37,14,108,2,1280.6376130527392,5.5438857707910785,0.8339590660683446,11.344329467232479,104.26339373363248,0.45135668282957786,0.0,7.163412753675927,1176.374219319107,5.092529087961502,0.0,11.344329467232479,1042.6339373363248,11763.742193191069,12806.376130527393,1125.4136130527393,0.08141522056742738,0.9185847794325728,9.3,960.0,960.0,8931.6,37742.85,337104054.65,112.11117605766933,1264.918515396889,1377.0296914545584
Sonora,General Plutarco Elías Calles,70,Caborca,139,Espárrago,2018,2019,31.694984,-112.711749,544.0,4,3.3333333333333335,1.0,1742.8551003605487,7.54482727428809,1.3772788283991653,12.485176007381183,25.43080086580087,8.71,38.25,32.781385281385276,14.55,44.93,18.080216450216454,0.94,31.79,35.723636363636366,7.26,88.14,25.15839826839827,5.79,32.97,2.6938961038961042,1.01,6.07,197.42,0.8546320346320346,0.0,14.85,157.936,0.6837056277056277,0.0,11.88,14.98785349642096,4.678660151714713,19.969381352735,0.11327390324024024,38,13,100,8,1311.096724186093,5.675743394744992,0.6886394141995826,11.860917207012124,101.9969398004533,0.4415451939413563,0.0,6.805331413052508,1209.0997843856396,5.234198200803634,0.0,11.860917207012124,1019.9693980045331,12090.997843856396,13110.96724186093,1153.1607241860931,0.0777951297710482,0.9222048702289517,9.05,965.0,965.0,8734.0,37913.88,331139839.8,112.70380088447878,1336.0218611996017,1448.7256620840806
Sonora,General Plutarco Elías Calles,70,Caborca,139,Espárrago,2019,2020,31.694984,-112.711749,544.0,2,2.0,0.0,1669.9716693535918,7.229314585946285,1.7148032990072903,12.523054752565187,24.311883116883116,6.365,36.85,31.434848484848484,8.94,44.79,17.188917748917746,0.43,29.17,40.04679653679654,11.14,84.75,25.02225108225108,7.77,32.52,2.80991341991342,1.02,6.2,176.09000000000003,0.7622943722943725,0.0,20.15,140.872,0.6098354978354978,0.0,16.12,15.140866040663228,5.5116706333974275,19.881710274982897,0.10544490258817414,35,11,96,17,1236.4288759671954,5.352505956567946,0.8574016495036452,11.896902014936927,73.46535076544552,0.31803182149543513,0.0,5.5920000000000005,1162.96352520175,5.034474135072511,0.0,11.896902014936927,734.6535076544552,11629.635252017499,12364.288759671954,1095.5568759671953,0.05941736899987661,0.9405826310001234,8.31,965.0,965.0,8020.5,33435.37,268168396.26,88.4059575998141,1399.4747595688928,1487.880717168707
Sonora,General Plutarco Elías Calles,70,Caborca,139,Espárrago,2020,2021,31.694984,-112.711749,544.0,3,2.0,0.25,1781.0699171911283,7.677025505134174,1.5888481048710625,12.421525863765876,25.415431034482754,5.185,37.02,32.86142241379311,10.95,45.06,17.969439655172412,-1.21,28.98,37.19922413793104,7.03,84.63,25.32594827586207,6.38,33.19,2.8625862068965513,1.24,6.35,114.47,0.4934051724137931,0.0,12.35,91.57600000000001,0.3947241379310345,0.0,9.88,15.168050144487754,5.288583917505694,20.226661403236438,0.06427035732574002,24,6,120,8,1315.1876108931233,5.668912115918635,0.7944240524355313,11.800449570577582,53.63120696884832,0.23116899555538067,0.0,6.991963077873244,1261.5564039242752,5.437743120363255,0.0,11.800449570577582,536.3120696884832,12615.564039242752,13151.876108931236,1223.6116108931233,0.04077836996383216,0.959221630036168,10.92,965.0,920.0,10050.0,35982.29,361622014.5,49.11282689454975,1155.2714321650872,1204.3842590596369
Sonora,General Plutarco Elías Calles,70,Caborca,139,Espárrago,2021,2022,31.694984,-112.711749,544.0,5,4.266666666666667,0.8,1720.543798214828,7.448241550713541,3.0482558351886606,12.401449052866246,25.202792207792204,9.945,35.935,32.58,16.1,44.14,17.82558441558442,2.22,28.64,36.10393939393939,7.24,73.0,24.898441558441558,6.61,33.23,2.78978354978355,0.91,6.11,180.10999999999996,0.7796969696969696,0.0,12.47,144.08800000000005,0.623757575757576,0.0,9.976,14.85062184214045,5.294942294352024,19.32437688379853,0.10468201982819349,42,10,100,10,1288.4831162195294,5.577848987963331,0.9443724477041052,11.781376600222933,107.17501619623837,0.463961109074625,0.0,5.5440000000000005,1181.308100023291,5.113887878888706,0.0,11.781376600222933,1071.7501619623838,11813.081000232909,12884.831162195293,1144.3951162195294,0.08317921658973301,0.916820783410267,11.4,934.0,927.0,10567.8,40376.68,426692678.9,94.01317210196349,1036.235175459027,1130.2483475609904
Sonora,General Plutarco Elías Calles,70,Caborca,139,Espárrago,2022,2023,31.694984,-112.711749,544.0,3,2.466666666666667,0.5333333333333333,1779.9613466490182,7.705460375103975,2.3736931456523545,13.327490921204877,25.34123376623376,7.0,35.095,32.852987012987015,14.41,42.64,17.829480519480523,-0.41,28.32,33.61316017316018,6.83,71.95,25.136536796536795,6.82,32.7,2.879567099567099,1.02,6.0,168.76,0.7305627705627705,0.0,27.09,135.008,0.5844502164502164,0.0,21.672,14.808876459561983,5.672581094513508,19.376848788006914,0.09481104762061833,40,6,103,13,1354.1667711777416,5.862193814622258,1.1868465728261772,12.661116375144632,88.53619184943446,0.3832735577897596,0.0,5.60652287198419,1265.6305793283072,5.478920256832499,0.0,12.661116375144632,885.3619184943445,12656.305793283072,13541.667711777416,1219.1587711777415,0.06538056739675649,0.9346194326032436,9.48,934.0,934.0,8854.32,40886.96,362026227.7,93.39260743611229,1335.053353721843,1428.4459611579553
Sonora,General Plutarco Elías Calles,70,Caborca,139,Espárrago,2023,2024,31.694984,-112.711749,544.0,2,1.25,0.0,1743.8379059756353,7.549081844050369,1.2666285037736036,12.636392076105682,24.698961038961038,6.4399999999999995,38.125,32.25887445887446,9.76,46.12,17.13904761904762,-0.42,30.13,35.92558441558441,7.06,89.83,25.294069264069265,8.98,32.48,2.87034632034632,1.25,8.0,111.78,0.4838961038961039,0.0,13.48,89.424,0.38711688311688314,0.0,10.784,15.071075419723542,6.349301409866372,19.671418967850226,0.0640999943956728,27,6,102,17,1305.3229740785982,5.650748805535057,0.6333142518868018,12.004572472300397,51.03240182853491,0.22091948843521605,0.0,2.6862340090091066,1254.2905722500632,5.42982931709984,0.0,12.004572472300397,510.3240182853491,12542.905722500633,13053.229740785982,1215.8989740785983,0.03909561299536437,0.9609043870046355,11.3,934.0,934.0,10554.2,41181.06,434633143.45,45.161417547376026,1109.991656858463,1155.153074405839
Sonora,General Plutarco Elías Calles,70,Caborca,139,Melón,2010,2011,31.694984,-112.711749,544.0,1,1.0,0.0,1020.7937761766483,7.792318902111819,2.2071203146251577,12.701725265950383,21.92068702290076,9.92,36.55,30.22381679389313,14.67,44.22,13.617557251908398,2.44,28.88,32.83557251908397,10.83,80.2,28.00549618320611,12.58,32.88,2.9753435114503817,1.2,6.55,40.120000000000005,0.3062595419847329,0.0,18.28,32.096000000000004,0.2450076335877863,0.0,14.624000000000002,16.439530938284882,8.235727642534165,19.736567127372748,0.039302747466063354,5,3,34,3,756.2893183337835,5.7732009033113245,1.1035601573125788,9.622317499718294,11.920002733410943,0.09099238727794613,0.0,3.745581439370529,744.3693156003726,5.682208516033379,0.0,9.622317499718294,119.20002733410942,7443.6931560037265,7562.893183337836,724.1933183337835,0.015761167643716642,0.9842388323562834,20.0,10.0,10.0,200.0,6000.0,1200000.0,5.960001366705471,372.1846578001863,378.14465916689176
Sonora,General Plutarco Elías Calles,70,Caborca,139,Melón,2011,2012,31.694984,-112.711749,544.0,2,2.0,0.0,1072.013885188222,8.18331210067345,2.9314598252805824,12.656957827353665,23.688320610687022,10.325,37.6,31.945190839694654,14.52,45.92,15.43145038167939,3.97,29.28,27.566106870229014,8.17,67.62,27.725725190839693,10.55,32.72,2.9087022900763357,1.49,5.3,35.29,0.2693893129770992,0.0,11.95,28.232,0.21551145038167938,0.0,9.56,16.065392284962,7.511094359830421,19.367328645859963,0.03291934972820231,10,2,43,1,797.7805990817665,6.089928237265393,1.5063507425327538,10.07807462382539,21.163740851488495,0.1615552736754847,0.0,4.28,776.616858230278,5.928372963589909,0.0,10.07807462382539,211.63740851488495,7766.16858230278,7977.805990817665,769.5485990817665,0.026528272153832324,0.9734717278461678,25.0,6.0,6.0,150.0,6000.0,900000.0,8.465496340595399,310.6467432921112,319.1122396327066
Sonora,General Plutarco Elías Calles,70,Caborca,139,Pepino,2011,2012,31.694984,-112.711749,544.0,2,2.0,0.0,963.5138854562558,9.089753636379772,6.367840945985101,12.656957827353665,31.230047169811318,24.605,37.6,38.46669811320754,31.23,45.92,23.993396226415094,15.89,29.5,33.87556603773585,10.1,66.18,26.862169811320754,17.46,32.54,2.913773584905661,1.43,4.83,86.41,0.8151886792452829,0.0,14.39,69.12799999999999,0.6521509433962263,0.0,11.512,16.66574459044802,11.81138770932988,19.56662907442252,0.08968215331850873,24,2,94,0,849.651553464291,8.01558069305935,4.690249714806173,12.656957827353665,63.9880803697786,0.6036611355639491,0.0,6.372080369778605,785.6634730945126,7.411919557495402,0.0,11.957604494348384,639.880803697786,7856.634730945126,8496.515534642911,780.5235534642911,0.0753109673122817,0.9246890326877184,28.0,20.0,20.0,560.0,2500.0,1400000.0,22.852885846349498,280.5940975337545,303.44698338010403
Sonora,General Plutarco Elías Calles,70,Caborca,139,Sandía,2010,2011,31.694984,-112.711749,544.0,0,0.0,0.0,956.4086748020524,8.694624316382294,3.4868189443725623,12.701725265950383,24.770954545454547,11.48,37.09,33.11027272727273,16.62,44.22,16.43163636363636,5.69,30.79,29.791636363636364,10.83,62.67,29.384090909090908,16.48,32.88,3.0160909090909094,1.33,6.55,33.65,0.3059090909090909,0.0,18.28,26.92,0.24472727272727274,0.0,14.624000000000002,17.525259336746423,10.62912414107814,19.736567127372748,0.03518370429561874,6,2,44,0,801.4949590195002,7.286317809268184,1.3947275777490251,11.72977723984417,14.927925080750724,0.13570840982500657,0.0,4.406566399259446,786.5670339387493,7.150609399443176,0.0,11.72977723984417,149.27925080750722,7865.670339387493,8014.949590195,774.5749590195003,0.018625101646319312,0.9813748983536804,18.0,24.0,24.0,432.0,2000.0,864000.0,8.293291711528179,436.9816855215274,445.2749772330556
Sonora,General Plutarco Elías Calles,70,Caborca,139,Sandía,2011,2012,31.694984,-112.711749,544.0,2,2.0,0.0,985.8898203119629,8.962634730108753,2.9314598252805824,12.656957827353665,25.697227272727275,10.325,37.6,33.889545454545456,14.52,45.92,17.50490909090909,3.97,29.28,27.177181818181815,8.17,66.82,29.21281818181819,11.94,32.72,3.0751818181818176,1.56,5.3,39.25,0.3568181818181818,0.0,11.95,31.400000000000002,0.28545454545454546,0.0,9.56,17.27097986266422,8.271108132111808,19.56662907442252,0.039811750959737276,11,2,52,1,826.0146088514714,7.509223716831558,1.172583930112233,11.856558380971048,23.012583930112235,0.20920530845556579,0.0,4.28,803.0020249213592,7.300018408375992,0.0,11.856558380971048,230.12583930112237,8030.020249213592,8260.146088514715,794.6146088514714,0.027859778366523067,0.9721402216334769,22.0,7.0,7.0,154.0,2500.0,385000.0,10.46026542277829,365.00092041879964,375.4611858415779
Sonora,General Plutarco Elías Calles,70,Caborca,139,Sandía,2014,2015,31.694984,-112.711749,544.0,2,1.8571428571428572,0.0,1013.8260234727513,9.216600213388649,5.128731515997783,12.616135536388049,26.738045454545464,13.91,33.115,34.68209090909091,20.67,42.11,18.794,6.14,26.13,26.95936363636364,7.34,62.26,28.839363636363636,12.75,32.52,3.106909090909091,1.18,6.23,32.419999999999995,0.29472727272727267,0.0,8.93,25.936,0.23578181818181818,0.0,7.144,17.02475668329885,9.002318490304903,19.59347824396287,0.0319778731748755,6,2,62,0,854.411575275998,7.767377957054527,2.0618556894915954,12.616135536388049,24.34092084673847,0.22128109860671336,0.0,6.631869652523878,830.0706544292594,7.546096858447813,0.0,12.616135536388049,243.4092084673847,8300.706544292594,8544.115752759979,828.4755752759979,0.028488519527460402,0.9715114804725395,28.0,5.0,5.0,140.0,2000.0,280000.0,8.69318601669231,296.4538051533069,305.14699116999924
Sonora,General Plutarco Elías Calles,70,Caborca,139,Avena forrajera en verde,2010,2011,31.694984,-112.711749,544.0,3,1.6666666666666667,0.3333333333333333,378.73332391198863,4.029077913957326,1.4330668001997064,8.110989420376075,14.447659574468082,8.145,20.77,21.225106382978723,11.06,30.69,7.670212765957445,1.57,11.92,48.0463829787234,16.95,87.31,17.650106382978723,4.16,27.06,2.7555319148936173,1.2,9.56,118.14999999999999,1.2569148936170211,0.0,44.36,94.52,1.005531914893617,0.0,35.488,9.456226571401057,3.6682810202693283,15.666661627769123,0.3119609301331406,14,6,0,12,368.02227350587805,3.9151305692114686,0.5880196440514969,9.327637833432485,34.671871577942504,0.3688496976376862,0.0,4.112,333.3504019279355,3.546280871573782,0.0,9.327637833432485,346.71871577942505,3333.504019279355,3680.22273505878,273.50227350587807,0.09421134011169768,0.9057886598883022,18.5,10.0,10.0,185.0,850.0,157250.0,18.741552204293246,180.1894064475327,198.93095865182593
Sonora,General Plutarco Elías Calles,70,Caborca,139,Avena forrajera en verde,2011,2012,31.694984,-112.711749,544.0,2,1.6666666666666667,0.0,698.4373701038511,4.448645669451281,1.8659700972838777,9.435744187662898,15.9256050955414,0.7450000000000001,27.950000000000003,23.289044585987263,5.83,36.92,8.562165605095542,-4.34,18.98,35.04789808917198,10.17,75.84,16.863885350318473,5.9,27.47,2.6146496815286624,1.15,6.05,33.79,0.21522292993630573,0.0,6.89,27.032000000000004,0.1721783439490446,0.0,5.5120000000000005,8.169914333704062,4.079551547907909,15.270342425326579,0.04837942734217635,8,2,2,28,632.0138821411746,4.025566128287736,1.1164268807688398,8.49216976889661,21.055297650364484,0.13411017611697124,0.0,3.302397226209235,610.95858449081,3.8914559521707646,0.0,8.49216976889661,210.55297650364483,6109.585844908101,6320.138821411745,604.9818821411745,0.03331461261425474,0.9666853873857452,17.0,5.0,5.0,85.0,920.0,78200.0,12.385469206096754,359.38740264165295,371.7728718477497
Sonora,General Plutarco Elías Calles,70,Caborca,139,Avena forrajera en verde,2012,2013,31.694984,-112.711749,544.0,2,1.6666666666666667,0.0,641.2236407945745,4.058377473383383,1.103726323477901,8.363502210779497,15.05898734177215,6.21,25.134999999999998,22.165759493670883,11.47,33.76,7.952215189873419,0.09,18.5,42.376329113924044,14.62,87.56,16.495126582278477,4.65,27.35,2.5558227848101263,1.22,6.34,105.78999999999999,0.6695569620253164,0.0,23.65,84.632,0.5356455696202532,0.0,18.919999999999998,8.301814959858518,3.6740367233992393,15.56840444964238,0.16498144059209974,16,6,0,31,588.6872006252515,3.7258683583876677,0.5718465091409937,7.527151989701548,27.133123547929365,0.17172863005018585,0.0,2.8202409830778707,561.5540770773222,3.554139728337482,0.0,7.527151989701548,271.33123547929364,5615.540770773222,5886.872006252515,504.05520062525153,0.04609090110862094,0.9539090988913791,18.5,15.0,15.0,277.5,950.0,263625.0,14.666553269151008,303.54274436612013,318.2092976352711
Sonora,General Plutarco Elías Calles,70,Caborca,139,Avena forrajera en verde,2017,2018,31.694984,-112.711749,544.0,3,2.5454545454545454,0.5454545454545454,646.3369550682223,4.116795892154283,1.075244687992168,8.795982866507503,17.248662420382164,7.1000000000000005,27.715000000000003,23.871592356687895,12.85,35.32,10.625732484076433,0.8,21.34,45.09949044585988,12.5,87.26,15.992929936305732,4.19,27.09,2.5014649681528662,0.98,6.02,115.14999999999999,0.7334394904458598,0.0,21.73,92.12,0.586751592356688,0.0,17.384,8.247016040232234,3.636714707176158,15.803472466906795,0.17815784645618113,14,7,1,17,575.7214594223569,3.667015665110554,1.1636099103473512,8.13909597762443,32.07976465353086,0.20432971116898635,0.0,3.12,543.641694768826,3.462685953941567,0.0,8.13909597762443,320.79764653530856,5436.41694768826,5757.214594223568,483.6014594223569,0.05572098126360914,0.9442790187363908,17.5,27.0,27.0,472.5,468.28,221262.3,18.33129408773192,310.6523970107577,328.9836910984896
Sonora,General Plutarco Elías Calles,70,Caborca,139,Avena forrajera en verde,2018,2019,31.694984,-112.711749,544.0,3,2.4545454545454546,0.45454545454545453,695.3335300084993,4.4288759873152825,1.3772788283991653,8.671825226229576,18.279522292993633,7.72,26.215000000000003,25.2143949044586,13.89,35.52,11.344649681528661,0.33,19.52,34.46611464968153,10.64,88.14,15.810191082802547,5.23,26.94,2.322547770700637,1.01,6.1,59.14,0.37668789808917197,0.0,18.68,47.312000000000005,0.3013503184713376,0.0,14.944,7.833050557042006,3.905244083882984,15.8996515731599,0.08505270844522213,9,3,1,15,652.6923538716344,4.157276139309773,1.0827801654431948,9.027297687392098,16.364144412487544,0.10423021918781875,0.0,2.824,636.3282094591468,4.053045920121955,0.0,9.027297687392098,163.64144412487545,6363.282094591468,6526.9235387163435,605.3803538716344,0.02507175749098157,0.9749282425090183,16.5,17.0,17.0,280.5,469.0,131554.5,9.917663280295482,385.6534602782708,395.5711235585663
Sonora,General Plutarco Elías Calles,70,Caborca,139,Avena forrajera en verde,2019,2020,31.694984,-112.711749,544.0,2,1.5,0.0,564.9308055369759,3.5982853855858337,1.4055739925477855,7.687187178318941,14.946910828025478,3.01,22.235,21.561847133757958,8.94,29.79,8.331974522292994,-3.09,16.53,48.32528662420382,24.95,86.42,15.65267515923567,5.43,26.42,2.3739490445859874,0.99,6.2,119.22,0.7593630573248408,0.0,20.15,95.376,0.6074904458598727,0.0,16.12,8.15516901245643,3.935271995944856,15.773706790495368,0.21103469457056684,17,9,0,31,513.0660031589061,3.2679363258529053,0.9423511617078957,6.918468460487047,37.330059288302884,0.23777107826944513,0.0,2.8199122184974468,475.7359438706033,3.0301652475834606,0.0,6.918468460487047,373.30059288302886,4757.359438706033,5130.660031589062,417.69000315890617,0.07275878553337135,0.9272412144666288,16.3,23.0,23.0,375.0,465.08,174405.0,22.9018768639895,291.86254225190385,314.76441911589336
Sonora,General Plutarco Elías Calles,70,Caborca,139,Avena forrajera en verde,2020,2021,31.694984,-112.711749,544.0,2,1.6666666666666667,0.0,561.9561709488053,3.556684626258261,1.2609503657150312,6.705880389120317,15.440759493670882,5.185,25.055,21.982658227848102,10.95,32.74,8.89886075949367,-1.21,18.29,50.918164556962026,13.97,84.63,15.478670886075944,4.54,27.62,2.4391139240506323,1.18,6.76,195.56,1.2377215189873418,0.0,26.06,156.44799999999998,0.9901772151898733,0.0,20.848,8.127913430181241,3.78313719650027,16.28449688866209,0.34799866984255556,23,11,0,22,504.04098554942016,3.190132819933039,1.0086752225928695,6.035292350208286,45.51234811699324,0.2880528361835015,0.0,2.5281794320384594,458.5286374324269,2.902079983749537,0.0,6.035292350208286,455.12348116993235,4585.286374324269,5040.409855494201,347.5929855494202,0.09029493517751018,0.9097050648224897,15.67,15.0,15.0,235.0,621.7,146099.5,29.044255339497916,292.61559504302926,321.65985038252717
Sonora,General Plutarco Elías Calles,70,Caborca,139,Avena forrajera en verde,2021,2022,31.694984,-112.711749,544.0,5,4.818181818181818,1.0,712.2563974957473,4.536664952202212,1.4587957088681478,9.825446718229335,16.36359872611465,6.81,28.185000000000002,23.695923566878978,10.78,37.14,9.031273885350318,1.97,21.4,32.593821656050956,10.71,83.62,16.82031847133758,6.84,27.02,2.5795541401273887,1.14,5.62,50.730000000000004,0.3231210191082803,0.0,8.17,40.583999999999996,0.25849681528662416,0.0,6.5360000000000005,8.041578995550877,4.127424633995149,15.038163202371786,0.07122435148124157,10,5,5,22,657.7769859178998,4.18966233068726,0.8718552873150434,8.842902046406401,23.8378064592386,0.1518331621607554,0.0,3.9852214573531723,633.9391794586611,4.037829168526504,0.0,8.842902046406401,238.378064592386,6339.391794586611,6577.769859178997,617.1929859178998,0.03623995209557834,0.9637600479044216,18.0,18.0,18.0,324.0,712.35,230801.4,13.243225810688111,352.1884330325895,365.4316588432776
Sonora,General Plutarco Elías Calles,70,Caborca,139,Avena forrajera en verde,2022,2023,31.694984,-112.711749,544.0,2,1.6363636363636365,0.0,693.4751601416086,4.417039236570756,1.1504435376197149,9.277497659280662,17.018694267515926,7.0,24.975,24.22515923566879,13.33,35.68,9.812229299363057,-0.41,18.54,36.19675159235669,9.17,89.24,16.571464968152863,4.21,26.64,2.50687898089172,0.95,5.61,51.06,0.32522292993630575,0.0,22.6,40.848,0.2601783439490446,0.0,18.080000000000002,8.121348422652135,3.526188232146922,15.57362288298357,0.07362916934122554,9,1,1,22,624.6040186688903,3.9783695456617214,1.0592281892359066,8.349747893352596,20.290832550511688,0.12924097165931012,0.0,2.770326079642909,604.3131861183786,3.8491285740024113,0.0,8.349747893352596,202.90832550511686,6043.131861183785,6246.040186688902,583.7560186688903,0.0324859141856852,0.9675140858143148,23.0,10.0,10.0,230.0,788.52,181359.6,8.822101108918124,262.7448635297298,271.5669646386479
Sonora,General Plutarco Elías Calles,70,Caborca,139,Avena forrajera en verde,2023,2024,31.694984,-112.711749,544.0,2,1.4285714285714286,0.0,561.53783242293,3.5766740918657964,0.9215864666589839,7.2007132974750245,14.01251592356688,5.619999999999999,20.72,20.65643312101911,9.76,28.87,7.368598726114649,-0.42,14.55,48.22254777070064,19.76,92.73,15.807388535031848,2.21,28.48,2.5950955414012737,1.17,6.04,116.72,0.7434394904458599,0.0,14.86,93.376,0.594751592356688,0.0,11.888,8.143608423736135,2.981370762430486,16.05738085042674,0.20785776711851306,20,9,0,35,511.4775294040102,3.257818658624269,0.7974106672726147,6.480641967727522,37.61865945820975,0.239609295912164,0.0,2.7008391123068307,473.8588699458005,3.018209362712105,0.0,6.480641967727522,376.1865945820975,4738.588699458005,5114.775294040102,418.1015294040102,0.07354899735682269,0.9264510026431774,18.0,10.0,10.0,180.0,804.0,144720.0,20.89925525456097,263.25492774766695,284.1541830022279
Sonora,General Plutarco Elías Calles,70,Caborca,139,Cebada forrajera en verde,2010,2011,31.694984,-112.711749,544.0,3,1.6666666666666667,0.3333333333333333,378.73332391198863,4.029077913957326,1.4330668001997064,8.110989420376075,14.447659574468082,8.145,20.77,21.225106382978723,11.06,30.69,7.670212765957445,1.57,11.92,48.0463829787234,16.95,87.31,17.650106382978723,4.16,27.06,2.7555319148936173,1.2,9.56,118.14999999999999,1.2569148936170211,0.0,44.36,94.52,1.005531914893617,0.0,35.488,9.456226571401057,3.6682810202693283,15.666661627769123,0.3119609301331406,14,6,0,12,368.02227350587805,3.9151305692114686,0.5880196440514969,9.327637833432485,34.671871577942504,0.3688496976376862,0.0,4.112,333.3504019279355,3.546280871573782,0.0,9.327637833432485,346.71871577942505,3333.504019279355,3680.22273505878,273.50227350587807,0.09421134011169768,0.9057886598883022,15.0,5.0,5.0,75.0,956.65,71748.75,23.11458105196167,222.23360128529032,245.34818233725198
Sonora,General Plutarco Elías Calles,70,Caborca,139,Maíz grano,2011,2012,31.694984,-112.711749,544.0,2,2.0,0.0,1485.6837933979218,8.688209318116503,2.9314598252805824,12.656957827353665,27.90497076023392,10.325,37.6,35.52906432748538,14.52,45.92,20.280877192982455,3.97,29.5,31.582222222222224,8.17,66.82,27.506549707602332,11.94,32.72,2.9449122807017547,1.43,5.3,99.81,0.5836842105263158,0.0,14.39,79.848,0.4669473684210526,0.0,11.512,16.622830337635687,8.271108132111808,19.56662907442252,0.06718118649711025,26,3,104,1,1332.9160135271982,7.794830488463147,0.8794379475841747,15.188349392824398,63.478686169451336,0.37122038695585574,0.0,4.28,1269.437327357747,7.423610101507293,0.0,14.349125393218062,634.7868616945134,12694.373273577472,13329.160135271984,1253.0680135271982,0.047623920431019755,0.9523760795689804,4.0,8.0,8.0,32.0,4100.0,131200.0,158.69671542362835,3173.593318394368,3332.290033817996
Sonora,General Plutarco Elías Calles,70,Caborca,139,Maíz grano,2012,2013,31.694984,-112.711749,544.0,2,2.0,0.0,1403.5037468716596,8.20762425071146,2.9426239185614644,12.668375072440433,27.80874269005848,12.884999999999998,35.83,35.10643274853802,16.65,43.36,20.511052631578945,5.5,28.98,36.19228070175439,10.38,82.36,26.717543859649123,9.91,32.75,2.743567251461988,1.27,6.45,222.14,1.2990643274853801,0.0,24.41,177.71200000000005,1.0392514619883044,0.0,19.528000000000002,16.323750469559652,7.596523845616206,19.488236915344142,0.15827531668165407,41,12,95,0,1281.4981541284783,7.494141252213323,1.4750608733696626,15.20205008692852,105.2221652008602,0.6153342994202351,0.0,7.234787049857672,1176.275988927618,6.878806952793088,0.0,15.20205008692852,1052.221652008602,11762.759889276182,12814.981541284784,1103.7861541284783,0.08210871382208094,0.917891286177919,6.0,5.0,5.0,30.0,4200.0,126000.0,175.370275334767,1960.4599815460303,2135.830256880797
Sonora,General Plutarco Elías Calles,70,Caborca,139,Sorgo forrajero en verde,2010,2011,31.694984,-112.711749,544.0,1,1.0,0.0,1200.3769755553772,7.949516394406471,2.2071203146251577,12.701725265950383,23.34367549668874,9.92,37.09,31.34198675496689,14.67,44.22,15.345364238410594,2.44,30.79,33.24966887417219,10.83,80.2,27.51682119205298,12.58,32.88,2.982781456953642,1.2,6.55,58.59,0.38801324503311263,0.0,18.28,46.872,0.31041059602649007,0.0,14.624000000000002,16.341824589061112,8.235727642534165,19.736567127372748,0.04880966662401387,12,3,52,3,1059.8465473516128,7.018851306964323,0.6621360943875473,11.031490322594694,29.03806117513827,0.19230504089495543,0.0,4.406566399259446,1030.8084861764742,6.826546266069365,0.0,11.031490322594694,290.38061175138273,10308.084861764743,10598.465473516126,1012.9745473516128,0.027398363704349227,0.9726016362956504,20.0,38.0,38.0,760.0,600.0,456000.0,14.519030587569137,515.4042430882371,529.9232736758062
Sonora,General Plutarco Elías Calles,70,Caborca,139,Sorgo forrajero en verde,2011,2012,31.694984,-112.711749,544.0,2,2.0,0.0,1256.5866049892331,8.321765595955187,2.9314598252805824,12.656957827353665,24.640165562913907,10.325,37.6,32.70086092715232,14.52,45.92,16.579470198675498,3.97,29.28,28.94417218543046,8.17,67.62,27.674238410596022,10.55,32.72,2.9617880794701987,1.49,5.3,45.0,0.2980132450331126,0.0,11.95,36.0,0.23841059602649006,0.0,9.56,16.24281988267164,7.511094359830421,19.56662907442252,0.03581130008972647,14,2,61,1,1095.5443272393188,7.255260445293502,1.2829322951961033,10.948110283592705,29.37145982528058,0.1945129789753681,0.0,4.28,1066.1728674140381,7.0607474663181335,0.0,10.948110283592705,293.7145982528058,10661.72867414038,10955.443272393186,1059.5443272393188,0.02680992370184987,0.97319007629815,22.0,20.0,20.0,440.0,800.0,352000.0,13.350663556945717,484.6240306427446,497.9746941996903
Sonora,General Plutarco Elías Calles,70,Caborca,139,Sorgo forrajero en verde,2012,2013,31.694984,-112.711749,544.0,2,2.0,0.0,1250.275924712797,8.279973011343026,2.128735880778234,12.668375072440433,24.77158940397351,7.955,34.565,32.78211920529802,11.47,43.31,16.761059602649006,2.72,28.08,29.81649006622517,10.38,80.03,27.24894039735099,11.65,32.75,3.032847682119205,1.36,6.45,92.35999999999999,0.6116556291390728,0.0,19.9,73.88799999999999,0.4893245033112582,0.0,15.92,16.041715379287186,7.9969167883973835,19.488236915344142,0.07387169357933222,18,6,65,6,1101.2994707772255,7.293373978657122,0.6386207642334703,12.045669686947065,43.526873354154226,0.28825743943148496,0.0,5.124640826982517,1057.7725974230711,7.005116539225637,0.0,12.045669686947065,435.26873354154225,10577.72597423071,11012.994707772254,1027.4114707772255,0.03952319465243708,0.9604768053475629,22.8,5.0,5.0,114.0,950.0,108300.0,19.090733927260626,463.935349746961,483.0260836742216
Sonora,General Plutarco Elías Calles,70,Caborca,139,Sorgo forrajero en verde,2014,2015,31.694984,-112.711749,544.0,2,1.75,0.0,1275.0148763097513,8.443807127879149,2.0883107402159915,12.616135536388049,25.507582781456957,13.91,35.805,33.31754966887417,18.41,42.57,17.697615894039732,6.14,29.04,29.499006622516557,7.34,82.96,27.454105960264904,9.22,32.52,2.92682119205298,1.18,6.23,63.620000000000005,0.4213245033112583,0.0,21.05,50.896,0.33705960264900664,0.0,16.84,16.123021030491845,6.533713495420201,19.59347824396287,0.04989745702743016,9,4,70,0,1127.8325343694037,7.4690896315854545,0.6264932220647974,12.616135536388049,34.12661790884134,0.22600409211153205,0.0,6.896,1093.7059164605623,7.243085539473923,0.0,12.616135536388049,341.2661790884134,10937.059164605624,11278.325343694038,1076.9365343694037,0.03025858615430197,0.969741413845698,29.0,9.0,9.0,261.0,880.0,229680.0,11.767799278910807,377.13997119329736,388.90777047220814
Sonora,General Plutarco Elías Calles,70,Caborca,139,Sorgo forrajero en verde,2015,2016,31.694984,-112.711749,544.0,0,0.0,0.0,1154.632574215344,7.646573339174464,1.8820548705441906,12.471573702080791,24.650231788079473,12.46,35.285,31.93331125827815,16.77,43.59,17.36715231788079,6.25,27.88,37.266026490066224,13.6,81.9,26.466754966887418,8.23,32.15,2.940993377483444,1.24,5.72,100.98,0.6687417218543047,0.0,12.38,80.784,0.5349933774834438,0.0,9.904000000000002,16.025512886412866,6.05766243357154,19.79197256037037,0.08745639284308533,22,7,50,0,1016.1759910909743,6.72964232510579,0.5646164611632571,11.015503818037233,67.85993186938695,0.4494035223138209,0.0,6.224855607549033,948.3160592215876,6.28023880279197,0.0,11.015503818037233,678.5993186938696,9483.160592215876,10161.759910909746,935.3919910909743,0.06677970397286401,0.9332202960271362,22.0,20.0,20.0,440.0,740.0,325600.0,30.845423576994072,431.05275419163075,461.8981777686248
Sonora,General Plutarco Elías Calles,70,Caborca,139,Sorgo forrajero en verde,2019,2020,31.694984,-112.711749,544.0,0,0.0,0.0,1164.4039382494786,7.71128435926807,1.7148032990072903,12.523054752565187,24.020960264900665,10.54,35.595,31.59139072847682,13.17,43.85,16.450529801324503,3.17,28.48,36.028211920529806,11.14,84.75,26.89450331125828,9.82,32.52,2.8214569536423837,1.02,4.94,54.62,0.36172185430463577,0.0,20.15,43.696,0.2893774834437086,0.0,16.12,16.189799534259702,7.009839218313202,19.881710274982897,0.04690812028866345,11,3,53,3,1027.6252642802008,6.805465326358946,0.5144409897021871,10.644596539680409,24.740112134966434,0.16384180221832076,0.0,5.5920000000000005,1002.8851521452345,6.641623524140626,0.0,10.644596539680409,247.40112134966435,10028.851521452345,10276.25264280201,983.9292642802008,0.024075032986168966,0.9759249670138312,16.5,16.0,16.0,264.0,665.0,175560.0,14.994007354525111,607.809183118324,622.8031904728491
Sonora,General Plutarco Elías Calles,70,Caborca,139,Sorgo forrajero en verde,2020,2021,31.694984,-112.711749,544.0,0,0.0,0.0,1223.1916521145727,8.100606967646177,1.8919609764503853,12.421525863765876,24.911854304635764,10.195,35.275,32.59225165562914,15.68,43.1,17.231456953642383,4.71,28.83,36.22132450331126,7.03,82.87,27.25337748344371,6.38,33.19,2.971258278145695,1.29,6.35,63.06,0.4176158940397351,0.0,12.35,50.448,0.3340927152317881,0.0,9.88,16.38917180711372,5.288583917505694,20.226661403236438,0.05155365464682992,14,4,73,1,1090.0563073161131,7.218915942490815,0.5675882929351156,10.981696645703181,27.14744928775022,0.17978443236920674,0.0,6.255966964412902,1062.9088580283628,7.039131510121608,0.0,10.925696645703182,271.4744928775022,10629.088580283627,10900.563073161129,1039.608307316113,0.02490463025216691,0.9750953697478331,21.57,14.0,14.0,302.0,750.0,226500.0,12.585743758808633,492.7718396051751,505.35758336398374
Sonora,General Plutarco Elías Calles,70,Caborca,139,Sorgo forrajero en verde,2021,2022,31.694984,-112.711749,544.0,5,5.0,1.0,1224.9639199212459,8.112343840538053,3.3612476655841683,12.401449052866246,25.10692052980133,9.945,35.26,32.8464238410596,16.1,44.14,17.36741721854305,2.22,27.63,31.536953642384105,7.24,73.0,26.46476821192053,8.85,33.23,2.9776158940397353,0.91,6.11,94.10000000000002,0.62317880794702,0.0,7.69,75.28,0.4985430463576159,0.0,6.152000000000001,15.69614715030576,7.236195446150544,19.32437688379853,0.07681858907815815,26,5,62,4,1086.3119861643336,7.194119113671083,1.0083742996752505,12.313749880237362,68.37920478268946,0.4528424157794004,0.0,5.5440000000000005,1017.9327813816442,6.741276697891683,0.0,12.313749880237362,683.7920478268945,10179.327813816442,10863.119861643338,1011.0319861643336,0.06294619377636627,0.9370538062236338,22.67,15.0,15.0,340.05,766.18,260539.51,30.162860512875802,449.0219591449688,479.18481965784457
Sonora,General Plutarco Elías Calles,70,Caborca,139,Sorgo forrajero en verde,2022,2023,31.694984,-112.711749,544.0,3,2.7777777777777777,0.7777777777777778,1303.5403158859244,8.632717323747844,4.037687444563491,13.327490921204877,25.75317880794702,11.754999999999999,35.095,33.743046357615896,19.04,42.64,17.763311258278147,2.84,28.32,26.681523178807947,6.83,64.0,27.308278145695365,12.24,32.7,3.0600000000000005,1.56,6.0,51.52,0.3411920529801325,0.0,8.31,41.215999999999994,0.2729536423841059,0.0,6.648000000000001,15.911241593662586,8.306151566575634,19.376848788006914,0.03952313508998415,13,1,71,4,1148.9993371440535,7.609267133404328,1.2113062333690472,11.354315440201132,39.58436256967006,0.26214809648788123,0.0,5.016362569670064,1109.4149745743835,7.347119036916447,0.0,11.354315440201132,395.84362569670066,11094.149745743835,11489.993371440534,1107.7833371440536,0.034451162233096445,0.9655488377669036,23.13,8.0,8.0,185.04,800.0,148032.0,17.113861897825362,479.6433093706803,496.75717126850566
Sonora,General Plutarco Elías Calles,70,Caborca,139,Sorgo forrajero en verde,2023,2024,31.694984,-112.711749,544.0,0,0.0,0.0,1228.9915562385836,8.139016928732342,2.838432259909372,12.636392076105682,24.550894039735102,7.645,38.125,32.537086092715235,14.29,46.12,16.564701986754965,1.0,30.13,31.555960264900662,7.06,71.07,27.381456953642388,12.58,32.48,2.916953642384106,1.25,6.04,25.240000000000002,0.1671523178807947,0.0,7.06,20.192000000000004,0.1337218543046358,0.0,5.648,16.243955529389442,8.411526158794443,19.671418967850226,0.02053716306827105,7,1,56,6,1088.816969363664,7.2107084063818805,0.8515296779728115,11.108082802998213,14.002668882662196,0.09273290650769667,0.0,1.8800000000000001,1074.8143004810017,7.117975499874183,0.0,11.108082802998213,140.02668882662195,10748.143004810017,10888.169693636639,1068.624969363664,0.012860443285381343,0.9871395567146186,23.0,9.0,9.0,207.0,890.0,184230.0,6.088116905505302,467.3105654265225,473.39868233202776
Sonora,General Plutarco Elías Calles,70,Caborca,139,Trigo grano,2010,2011,31.694984,-112.711749,544.0,3,1.6666666666666667,0.3333333333333333,477.81929155153887,4.383663225243476,1.4330668001997064,8.438914260412211,15.036743119266053,8.145,22.12,22.051284403669722,11.06,31.05,8.022201834862386,1.57,14.53,46.51816513761467,16.95,87.31,18.876880733944954,4.16,28.62,2.7739449541284404,1.2,9.56,118.25,1.084862385321101,0.0,44.36,94.60000000000001,0.8678899082568808,0.0,35.488,10.304622553408791,3.6682810202693283,17.095184198717785,0.24747849676815578,14,6,0,12,459.14776660144577,4.2123648312059245,0.4299200400599119,9.704751399474043,28.497424108622845,0.2614442578772738,0.0,4.112,430.6503424928229,3.9509205733286508,0.0,9.704751399474043,284.97424108622846,4306.503424928229,4591.477666014457,364.54776660144574,0.06206591032677172,0.9379340896732282,6.2,640.0,640.0,3971.0,2908.7,11550447.7,45.96358727197233,694.5973266013273,740.5609138732996
Sonora,General Plutarco Elías Calles,70,Caborca,139,Trigo grano,2011,2012,31.694984,-112.711749,544.0,2,1.6666666666666667,0.0,803.5122213667573,4.6715826823648685,1.8659700972838777,9.435744187662898,16.215755813953486,0.7450000000000001,27.950000000000003,23.649651162790697,5.83,36.92,8.78186046511628,-4.34,18.98,35.02191860465116,10.17,75.84,17.63325581395349,5.9,28.91,2.678895348837209,1.15,6.05,45.92,0.2669767441860465,0.0,11.95,36.736000000000004,0.21358139534883724,0.0,9.56,8.766447760990744,4.079551547907909,16.842922268686024,0.05714909963894644,9,3,3,29,619.7754941831383,3.603345896413595,0.7328649563201456,9.380425055509495,22.791004689584895,0.13250584121851683,0.0,3.6420109509333685,596.9844894935535,3.4708400551950787,0.0,9.380425055509495,227.91004689584895,5969.844894935535,6197.754941831384,583.0394941831383,0.03677300071314267,0.9632269992868574,4.8,769.0,769.0,3691.2,3611.0,13328923.2,47.48125976996853,1243.7176864449032,1291.1989462148717
Sonora,General Plutarco Elías Calles,70,Caborca,139,Trigo grano,2012,2013,31.694984,-112.711749,544.0,2,1.6666666666666667,0.0,749.391295946518,4.331741595066578,1.103726323477901,8.753397438720668,15.51086705202312,6.21,25.134999999999998,22.690982658959538,11.47,33.77,8.330751445086705,0.09,18.5,41.094624277456646,14.14,87.56,17.366473988439306,4.65,29.23,2.5864739884393058,1.22,6.34,109.10999999999999,0.6306936416184971,0.0,23.65,87.288,0.5045549132947976,0.0,18.919999999999998,8.893801828039393,3.6740367233992393,16.584472786924664,0.1455981682602661,17,6,0,31,570.1418176760637,3.2956174432142413,0.5321839701945585,9.61802754239642,29.488059849539496,0.17045121300311847,0.0,3.603641256155057,540.6537578265243,3.125166230211123,0.0,9.61802754239642,294.88059849539496,5406.537578265243,5701.418176760638,482.8538176760637,0.0517205701026015,0.9482794298973986,4.97,853.0,853.0,4239.1,3750.0,15896625.0,59.33211237331891,1087.8345227897873,1147.1666351631063
Sonora,General Plutarco Elías Calles,70,Caborca,139,Trigo grano,2013,2014,31.694984,-112.711749,544.0,2,2.0,0.0,752.7384453365642,4.376386310096303,1.2984134183275877,9.04826354618657,16.113633720930235,1.7349999999999999,24.909999999999997,23.29447674418605,7.05,33.91,8.932790697674418,-3.79,17.65,38.61279069767442,8.63,87.65,17.28656976744186,5.69,30.9,2.5044767441860465,1.08,6.27,78.22,0.4547674418604651,0.0,14.55,62.57600000000001,0.36381395348837214,0.0,11.64,8.808119242549513,4.228883031309951,17.751717544680137,0.10391391655972387,17,6,0,42,562.136160906178,3.2682334936405697,0.8044616489097758,8.245784259715771,35.69143744642584,0.20750835724666183,0.0,3.340806164671145,526.4447234597521,3.060725136393908,0.0,8.245784259715771,356.91437446425834,5264.447234597521,5621.36160906178,499.560160906178,0.06349251289739183,0.9365074871026081,5.15,1150.0,1150.0,5922.5,3810.0,22564725.0,69.30376203189482,1022.2227639995185,1091.5265260314134
Sonora,General Plutarco Elías Calles,70,Caborca,139,Trigo grano,2014,2015,31.694984,-112.711749,544.0,1,1.0,0.0,792.4397194690348,4.607207671331597,1.1315621189665115,10.456500849196301,17.513691860465116,6.405,27.33,24.76738372093023,11.75,36.44,10.259999999999998,-0.17,19.86,38.284651162790695,8.21,87.57,17.17406976744186,3.54,29.5,2.479360465116279,1.35,5.37,86.7,0.5040697674418605,0.0,38.11,69.36,0.40325581395348836,0.0,30.488,8.745435061506383,3.4185965829243052,16.76690463511802,0.10940895297132802,8,4,4,10,607.8265550616593,3.5338753201259263,0.3481056085095792,8.903801009466177,11.754090900113951,0.06833773779136018,0.0,2.40155735124839,596.0724641615454,3.4655375823345667,0.0,8.903801009466177,117.54090900113951,5960.724641615454,6078.265550616594,538.4665550616593,0.01933790289718683,0.9806620971028134,4.5,1196.0,1196.0,5382.0,3200.0,17222400.0,26.120202000253226,1324.6054759145454,1350.7256779147986
Sonora,General Plutarco Elías Calles,70,Caborca,139,Trigo grano,2015,2016,31.694984,-112.711749,544.0,1,1.0,0.0,741.7320883663247,4.312395862594911,1.2479543075175927,8.276922723864573,17.63203488372093,3.645,26.365,24.440174418604652,8.75,35.0,10.823895348837206,-2.53,20.56,44.9593023255814,14.01,83.73,16.927209302325583,3.98,29.8,2.4479069767441857,0.97,5.8,98.8,0.5744186046511628,0.0,23.99,79.03999999999999,0.4595348837209302,0.0,19.192,8.875102610202443,3.701208549154748,16.621903366687388,0.13320173354992418,15,8,1,11,549.7214192560549,3.196054763116598,0.7109166559247493,9.416111119521503,27.953508591304356,0.16252039878665323,0.0,2.3624636911818904,521.7679106647504,3.033534364329944,0.0,9.416111119521503,279.53508591304353,5217.679106647503,5497.2141925605465,470.68141925605494,0.0508503172918643,0.9491496827081354,4.43,1100.0,1100.0,4870.8,3400.0,16560720.0,63.10047086073218,1177.8056674147865,1240.9061382755187
Sonora,General Plutarco Elías Calles,70,Caborca,139,Trigo grano,2016,2017,31.694984,-112.711749,544.0,2,1.5,0.0,805.0545998168634,4.653494796629269,1.0217763302645717,8.77114753819193,16.87335260115607,5.58,27.2,24.30225433526012,11.51,35.9,9.444450867052023,-0.35,18.5,35.86063583815029,12.35,89.93,17.662254335260116,4.23,29.68,2.53,1.43,5.48,76.78,0.44381502890173413,0.0,16.18,61.42400000000001,0.35505202312138734,0.0,12.944,8.816068347706368,3.578340021179992,16.842042924963565,0.09537241327167895,16,5,1,29,627.0651781825213,3.624654209147522,0.8473917328932314,8.03716229927238,28.61536501040912,0.16540673416421459,0.0,2.8000000000000003,598.4498131721122,3.4592474749833073,0.0,8.03716229927238,286.1536501040912,5984.498131721121,6270.651781825212,565.6411781825213,0.04563379694172713,0.9543662030582728,6.0,1201.0,1201.0,7206.0,3788.94,27303101.64,47.69227501734853,997.4163552868536,1045.108630304202
Sonora,General Plutarco Elías Calles,70,Caborca,139,Trigo grano,2017,2018,31.694984,-112.711749,544.0,3,2.4166666666666665,0.5,758.5225198534438,4.410014650310719,1.075244687992168,8.795982866507503,17.727267441860466,7.1000000000000005,27.715000000000003,24.534011627906974,12.85,35.32,10.920523255813952,0.8,21.34,43.19563953488372,12.5,87.26,16.976627906976745,4.19,29.01,2.4823255813953486,0.98,6.02,115.16,0.6695348837209302,0.0,21.73,92.12800000000001,0.5356279069767442,0.0,17.384,8.869143365936889,3.636714707176158,17.018466083721673,0.15182146473680225,14,7,1,17,555.939427363568,3.232205973044,0.6802182850130636,8.224023208962969,33.000332028495734,0.1918623955145101,0.0,3.12,522.9390953350722,3.0403435775294896,0.0,8.224023208962969,330.00332028495734,5229.390953350722,5559.394273635679,463.811427363568,0.05935958200517138,0.9406404179948286,4.3,1106.0,1106.0,4755.8,3767.93,17919521.49,76.74495820580404,1216.1374310117958,1292.8823892176
Sonora,General Plutarco Elías Calles,70,Caborca,139,Trigo grano,2018,2019,31.694984,-112.711749,544.0,3,2.5,0.5,819.3448058631625,4.7636325922276885,1.3772788283991653,10.035820542866182,18.694622093023256,7.72,27.67,25.72744186046512,13.89,36.52,11.661802325581396,0.33,19.56,33.05093023255814,7.26,88.14,16.821976744186042,5.23,29.57,2.3856395348837207,1.01,6.1,59.14,0.3438372093023256,0.0,18.68,47.312,0.27506976744186046,0.0,14.944,8.462325900102442,3.905244083882984,16.726366432034464,0.072179623983455,9,3,3,15,620.4164967434533,3.6070726554851937,1.0606559521674854,9.027297687392098,17.708118149150444,0.1029541752857584,0.0,2.8290331220635205,602.7083785943028,3.5041184801994345,0.0,9.027297687392098,177.08118149150442,6027.083785943028,6204.164967434532,573.1044967434533,0.028542307050344082,0.9714576929496558,4.06,1200.0,1200.0,4871.49,4174.68,20336911.87,43.61605455455774,1484.50339555247,1528.1194501070277
Sonora,General Plutarco Elías Calles,70,Caborca,139,Trigo grano,2019,2020,31.694984,-112.711749,544.0,2,1.5,0.0,664.952824111854,3.8660047913479887,1.4055739925477855,10.157840434676661,15.426046511627906,3.01,27.46,22.152441860465114,8.94,36.85,8.6996511627907,-3.09,18.07,47.45191860465116,21.32,86.42,16.599709302325582,5.43,28.93,2.3973255813953487,0.99,6.2,119.46999999999998,0.6945930232558138,0.0,20.15,95.57600000000002,0.5556744186046513,0.0,16.12,8.808380235536061,3.935271995944856,16.754384424339907,0.17966688111983042,17,9,2,31,490.55956300207436,2.8520904825702,0.5236238681989336,7.189018394412414,40.77826879170674,0.23708295809131827,0.0,3.3591134669951,449.7812942103676,2.6150075244788815,0.0,7.189018394412414,407.78268791706745,4497.812942103676,4905.595630020743,394.98356300207433,0.08312602967549185,0.9168739703245081,5.4,585.0,455.0,2457.0,3895.0,9570015.0,75.51531257723471,832.9283226117917,908.4436351890264
Sonora,General Plutarco Elías Calles,70,Caborca,139,Trigo grano,2020,2021,31.694984,-112.711749,544.0,2,1.6666666666666667,0.0,648.3971721204814,3.7479605324883316,1.2609503657150312,7.733421934575503,15.585751445086705,5.185,25.055,22.19965317919075,10.95,32.74,8.97184971098266,-1.21,18.29,50.75213872832369,13.97,84.63,16.451445086705203,4.54,29.65,2.4831213872832367,1.18,6.76,202.13,1.1683815028901734,0.0,26.06,161.704,0.9347052023121388,0.0,20.848,8.814034107437271,3.78313719650027,17.449622558520183,0.3117379419453134,24,12,0,22,489.5399015476954,2.829710413570494,0.6021888124399533,7.604423752954362,39.56565240087595,0.2287031930686471,0.0,3.14028486428179,449.9742491468195,2.6010072205018466,0.0,7.604423752954362,395.65652400875945,4499.742491468195,4895.399015476954,327.8359015476954,0.0808221194549983,0.9191778805450017,5.34,800.0,800.0,4270.0,4656.91,19885005.7,74.09298202411226,842.6484066419841,916.7413886660964
Sonora,General Plutarco Elías Calles,70,Caborca,139,Trigo grano,2021,2022,31.694984,-112.711749,544.0,5,4.833333333333333,1.0,831.0161315084567,4.8314891366770745,1.4587957088681478,9.825446718229335,16.98046511627907,6.81,28.185000000000002,24.376337209302324,10.78,37.14,9.584593023255815,1.97,21.4,31.56779069767442,10.71,83.62,17.657848837209304,6.84,29.14,2.594767441860465,1.14,5.62,50.730000000000004,0.2949418604651163,0.0,8.17,40.583999999999996,0.235953488372093,0.0,6.5360000000000005,8.627362455664647,4.127424633995149,16.20367085844189,0.061045746377889364,10,5,6,22,632.7639529040669,3.6788601913027144,0.8718552873150434,7.615872148947447,24.6987932049958,0.14359763491276628,0.0,3.9852214573531723,608.065159699071,3.535262556389948,0.0,7.615872148947447,246.98793204995798,6080.6515969907105,6327.639529040668,592.1799529040669,0.03903318621682037,0.9609668137831796,5.1,226.0,226.0,1152.6,5790.0,6673554.0,48.42900628430549,1192.2846268609237,1240.713633145229
Sonora,General Plutarco Elías Calles,70,Caborca,139,Trigo grano,2022,2023,31.694984,-112.711749,544.0,3,1.75,0.08333333333333333,816.8846248051242,4.74932921398328,1.1504435376197149,10.865823068211514,17.532063953488375,7.0,27.154999999999998,24.878720930232554,13.33,37.23,10.185406976744185,-0.41,19.64,34.74401162790698,7.4,89.24,17.5225,4.21,29.67,2.5522093023255814,0.95,5.61,51.06,0.29686046511627906,0.0,22.6,40.848,0.23748837209302326,0.0,18.080000000000002,8.726348189770578,3.526188232146922,16.597289506095457,0.06250576697067944,9,1,4,22,604.0901308870391,3.5121519237618553,0.8934236989868837,8.388745360712567,19.7468915883744,0.11480750923473489,0.0,2.770326079642909,584.3432392986647,3.39734441452712,0.0,8.388745360712567,197.468915883744,5843.432392986647,6040.9013088703905,563.2421308870391,0.03268865121066998,0.96731134878933,5.67,52.0,52.0,295.0,9250.0,2728750.0,34.826969291665606,1030.587723630802,1065.4146929224676
Sonora,General Plutarco Elías Calles,70,Caborca,139,Trigo grano,2023,2024,31.694984,-112.711749,544.0,2,1.4285714285714286,0.0,664.9410711453108,3.865936460147156,0.9215864666589839,8.556003365442841,14.576569767441859,5.619999999999999,26.09,21.401453488372095,9.76,35.76,7.751686046511628,-0.42,17.16,46.60389534883721,19.76,92.73,16.793081395348835,2.21,28.8,2.5826162790697675,1.17,6.04,116.72,0.6786046511627907,0.0,14.86,93.376,0.5428837209302326,0.0,11.888,8.796619166430828,2.981370762430486,17.092565509312955,0.1755343519373207,20,9,1,36,488.9123995984436,2.842513951153742,0.7642942135189738,6.474907682648718,39.829275964454574,0.23156555793287542,0.0,3.4510721990587276,449.083123633989,2.610948393220866,0.0,6.474907682648718,398.29275964454575,4490.83123633989,4889.123995984436,395.5363995984436,0.0814650559019722,0.9185349440980277,5.5,50.0,50.0,275.0,9527.5,2620062.5,72.4168653899174,816.5147702436163,888.9316356335337
Sonora,General Plutarco Elías Calles,70,Caborca,139,Alfalfa achicalada,2010,2011,31.694984,-112.711749,544.0,1,1.0,0.0,271.5493598908436,3.573017893300574,1.4330668001997064,7.101828717584629,13.766578947368421,8.145,19.555,20.256710526315793,11.06,29.07,7.276447368421053,1.57,10.61,50.65342105263157,16.95,87.31,16.130921052631578,4.16,24.6,2.7401315789473686,1.2,9.56,114.02000000000001,1.500263157894737,0.0,44.36,91.21600000000001,1.2002105263157896,0.0,35.488,8.45020827305313,3.6682810202693283,13.619305208600025,0.4198868303200322,13,6,0,12,228.5833988857326,3.0076763011280607,1.3542296581782103,6.391645845826167,29.52247577175495,0.388453628575723,0.0,3.8210932266717346,199.06092311397768,2.619222672552338,0.0,6.391645845826167,295.2247577175495,1990.6092311397767,2285.8339888573264,137.3673988857326,0.12915406768674856,0.8708459323132516,18.0,1330.0,1330.0,23940.0,2100.0,50274000.0,16.40137542875275,110.5894017299876,126.99077715874034
Sonora,General Plutarco Elías Calles,70,Caborca,139,Alfalfa achicalada,2011,2012,31.694984,-112.711749,544.0,2,2.0,0.0,337.48203779637765,4.4405531288997055,2.1971847349074647,8.156891352616952,14.649802631578947,0.7450000000000001,24.02,22.261842105263156,5.83,31.9,7.037763157894738,-4.34,16.14,33.71131578947368,10.17,66.91,17.455131578947363,7.32,23.78,2.65171052631579,1.28,6.05,15.64,0.20578947368421052,0.0,6.89,12.512,0.16463157894736843,0.0,5.5120000000000005,8.47665787216721,4.934078664857122,12.527788711370043,0.04634320718851565,3,2,0,21,298.3856086755675,3.9261264299416774,0.8788738939629859,7.341202217355257,8.140400161882011,0.10711052844581594,0.0,2.8502694398608974,290.2452085136855,3.819015901495862,0.0,7.341202217355257,81.40400161882012,2902.452085136855,2983.8560867556753,285.8736086755675,0.027281477139646536,0.9727185228603535,18.8,1525.0,1525.0,28670.0,2200.0,63074000.0,4.330000086107453,154.38574920940718,158.71574929551463
Sonora,General Plutarco Elías Calles,70,Caborca,139,Alfalfa achicalada,2012,2013,31.694984,-112.711749,544.0,2,1.5,0.0,328.9505847049308,4.272085515648452,1.6882518205546466,8.363502210779497,15.243571428571427,9.305,20.435000000000002,22.676363636363632,12.24,29.55,7.81077922077922,2.82,12.95,38.87753246753247,17.94,81.88,17.379350649350652,6.3,24.7,2.5089610389610386,1.22,5.89,9.61,0.1248051948051948,0.0,3.25,7.688000000000001,0.09984415584415585,0.0,2.6,8.71804254818579,4.289132256454825,12.993844241326837,0.029214114358909513,3,0,0,13,283.2571454179571,3.6786642262072347,1.1774189969985416,7.527151989701548,6.720575893658388,0.0872802064111479,0.0,2.564736664131474,276.53656952429867,3.5913840197960867,0.0,7.527151989701548,67.20575893658389,2765.3656952429865,2832.5714541795705,275.5691454179571,0.023726059527084176,0.9762739404729157,12.0,1525.0,1525.0,18300.0,1905.0,34861500.0,5.600479911381991,230.44714127024886,236.04762118163086
Sonora,General Plutarco Elías Calles,70,Caborca,139,Alfalfa achicalada,2013,2014,31.694984,-112.711749,544.0,2,2.0,0.0,298.2121279714398,3.9238437890978926,1.2984134183275877,7.17024718236154,13.35953947368421,1.7349999999999999,23.93,20.582236842105264,7.05,33.91,6.136842105263158,-3.79,15.02,41.46815789473684,22.67,87.65,16.736184210526318,5.69,24.12,2.5705263157894733,1.23,5.27,45.91,0.604078947368421,0.0,14.55,36.728,0.48326315789473684,0.0,11.64,8.504673693143062,4.336855387504236,13.506931318191791,0.15395081451682896,7,4,0,33,260.6033544857237,3.428991506391101,0.7901426795150579,6.453222464125386,14.601073484111154,0.192119387948831,0.0,2.614543954960027,246.00228100161257,3.2368721184422706,0.0,6.453222464125386,146.01073484111154,2460.0228100161257,2606.0335448572373,223.87535448572368,0.05602795678867989,0.9439720432113202,13.8,1560.0,1560.0,21528.0,2813.82,60575916.96,10.580488031964604,178.26252246493664,188.84301049690123
Sonora,General Plutarco Elías Calles,70,Caborca,139,Alfalfa achicalada,2014,2015,31.694984,-112.711749,544.0,0,0.0,0.0,332.8530319234754,4.379645156887834,2.0883107402159915,7.742435660405372,17.350789473684216,9.795,23.18,24.616315789473685,15.11,31.61,10.085263157894737,3.39,15.35,36.02052631578948,13.63,82.96,16.656578947368423,7.07,25.23,2.2539473684210525,1.35,5.21,23.41,0.3080263157894737,0.0,21.05,18.727999999999998,0.24642105263157893,0.0,16.84,8.338390068345332,4.676047259387854,13.071782374203083,0.07033134072632416,2,1,0,3,290.28074720143195,3.819483515808315,1.0396983222785667,6.968192094364834,3.7674796661943923,0.049572100870978845,0.0,1.8794796661943924,286.5132675352375,3.7699114149373356,0.0,6.968192094364834,37.67479666194392,2865.132675352375,2902.807472014319,271.55274720143194,0.012978744551666936,0.9870212554483329,13.5,1560.0,1560.0,21060.0,2830.0,59599800.0,2.790725678662513,212.23205002610186,215.02277570476437
Sonora,General Plutarco Elías Calles,70,Caborca,139,Alfalfa achicalada,2015,2016,31.694984,-112.711749,544.0,1,1.0,0.0,303.1262329837469,3.988503065575617,1.388229139373922,8.187922712627394,17.052105263157898,3.645,23.115000000000002,23.803684210526313,8.75,31.07,10.300526315789474,-2.53,16.78,47.50473684210527,28.12,83.73,15.973157894736843,3.98,24.12,2.4421052631578943,0.97,5.8,64.49,0.8485526315789473,0.0,23.99,51.592,0.6788421052631579,0.0,19.192,8.389644368816498,3.701208549154748,13.339830099895199,0.2127496500887069,7,5,0,5,264.759375995379,3.4836759999391975,0.6965809142810774,7.369130441364654,11.598189877389096,0.15260776154459338,0.0,1.6938493834897717,253.1611861179899,3.3310682383946038,0.0,7.369130441364654,115.98189877389096,2531.611861179899,2647.5937599537897,213.16737599537902,0.043806531246665,0.956193468753335,14.0,1582.0,1560.0,21840.0,2800.0,61152000.0,8.284421340992212,180.82941865570706,189.11383999669928
Sonora,General Plutarco Elías Calles,70,Caborca,139,Alfalfa achicalada,2016,2017,31.694984,-112.711749,544.0,1,1.0,0.0,353.06399715524293,4.585246716301857,1.0217763302645717,6.988836781975984,16.74305194805195,6.735,24.39,24.459480519480515,12.96,32.88,9.026623376623379,0.47,16.38,35.977402597402595,16.48,89.93,17.377792207792208,5.55,24.41,2.5285714285714294,1.43,5.48,48.74,0.632987012987013,0.0,16.18,38.992000000000004,0.5063896103896105,0.0,12.944,8.572449286829421,4.046972932964706,13.293267461991052,0.1380486268572123,9,3,0,14,315.3411226592768,4.095339255315283,0.4087105321058287,6.289953103778386,10.231116916273743,0.13287164826329537,0.0,2.048,305.11000574300306,3.962467607051988,0.0,6.289953103778386,102.31116916273743,3051.1000574300306,3153.411226592768,276.34912265927676,0.032444601040278444,0.9675553989597216,12.05,1565.0,1565.0,18861.0,2315.98,43681698.78,8.490553457488582,253.2033242680523,261.6938777255409
Sonora,General Plutarco Elías Calles,70,Caborca,139,Alfalfa achicalada,2017,2018,31.694984,-112.711749,544.0,3,2.2,0.2,285.83290580634235,3.7609592869255573,1.075244687992168,6.69110326003251,15.9978947368421,7.1000000000000005,26.07,22.56802631578947,13.4,34.35,9.427763157894738,0.8,18.36,49.88736842105263,25.04,87.26,16.200921052631582,4.19,24.22,2.434736842105263,1.02,6.02,78.36,1.0310526315789474,0.0,21.73,62.688,0.8248421052631579,0.0,17.384,8.551166473417469,3.636714707176158,13.164650685907198,0.27414618264102353,9,5,0,11,250.43243311371353,3.295163593601494,0.7307653088406268,6.021992934029259,14.655077150017155,0.19282996250022572,0.0,2.285258976339257,235.77735596369638,3.1023336311012684,0.0,6.021992934029259,146.55077150017155,2357.773559636964,2504.3243311371352,187.7444331137135,0.05851908623737542,0.9414809137626245,19.5,630.0,630.0,12285.0,2192.63,26936459.55,7.515424179495977,120.91146459676737,128.42688877626335
Sonora,General Plutarco Elías Calles,70,Caborca,139,Alfalfa achicalada,2018,2019,31.694984,-112.711749,544.0,3,2.8,0.8,326.23601952879653,4.2925792043262705,1.3772788283991653,7.849824075993129,16.708092105263162,8.71,21.975,23.729473684210525,14.55,31.31,9.686710526315789,0.94,15.82,37.547236842105264,13.4,88.14,16.385263157894734,5.79,24.12,2.4356578947368424,1.01,5.06,38.57,0.5075,0.0,14.85,30.856,0.406,0.0,11.88,8.187396398464921,4.347049765952258,14.070824477676354,0.11822728850023706,8,2,0,11,284.5125312389315,3.743585937354362,0.8645219560706805,7.457332872193472,11.843096120001608,0.1558302121052843,0.0,2.3370273617046475,272.66943511892987,3.5877557252490773,0.0,7.457332872193472,118.43096120001607,2726.6943511892987,2845.125312389315,253.6565312389315,0.041625920898562686,0.9583740791014372,17.72,748.76,748.76,13270.0,2219.62,29454357.4,6.683462821671336,153.87665638765796,160.5601192093293
Sonora,General Plutarco Elías Calles,70,Caborca,139,Alfalfa achicalada,2019,2020,31.694984,-112.711749,544.0,0,0.0,0.0,253.4338474715345,3.3346558877833488,1.5740699337659831,6.2513203429673165,13.292828947368422,3.01,19.615,19.742894736842107,8.94,27.93,6.842763157894738,-3.09,12.9,51.95368421052632,27.42,84.75,15.446447368421053,5.87,25.01,2.5210526315789474,0.99,6.2,91.62,1.2055263157894738,0.0,20.15,73.296,0.9644210526315791,0.0,16.12,8.223574638632073,4.1601871842791445,13.708443453694368,0.36151445797030207,11,7,0,26,221.813036017131,2.9185925791727763,0.6296279735063933,5.626188308670585,22.089814068037214,0.29065544826364753,0.0,2.77491982056117,199.72322194909378,2.6279371309091286,0.0,5.626188308670585,220.89814068037214,1997.232219490938,2218.1303601713103,148.51703601713098,0.09958753761582877,0.9004124623841713,18.88,750.0,750.0,14158.0,2242.31,31746624.98,11.700113383494287,105.78560484591833,117.48571822941261
Sonora,General Plutarco Elías Calles,70,Caborca,139,Alfalfa achicalada,2020,2021,31.694984,-112.711749,544.0,0,0.0,0.0,273.07605761405597,3.5464423066760515,1.5888481048710625,6.612542393873358,14.468051948051947,5.185,20.71,21.279350649350647,10.95,28.63,7.656753246753245,-1.21,14.62,51.9925974025974,27.58,84.63,16.031818181818178,5.43,23.85,2.497662337662338,1.18,5.62,47.63,0.6185714285714285,0.0,9.81,38.104000000000006,0.49485714285714294,0.0,7.848000000000001,8.466936999160463,4.09006946144968,13.894069707068411,0.174420271100136,10,3,0,11,237.4913270038273,3.0843029481016533,0.8642742529826208,5.951288154486023,18.36852377591999,0.23855225683012973,0.0,2.457614241611836,219.12280322790733,2.845750691271524,0.0,5.951288154486023,183.68523775919988,2191.2280322790734,2374.9132700382734,199.3873270038273,0.07734397717868649,0.9226560228213135,19.31,750.0,750.0,14485.0,2325.79,33689068.15,9.512441106121175,113.4763351775802,122.98877628370137
Sonora,General Plutarco Elías Calles,70,Caborca,139,Alfalfa achicalada,2021,2022,31.694984,-112.711749,544.0,5,5.0,1.0,322.4227661726417,4.2424048180610745,1.4587957088681478,6.622497520823868,14.589736842105266,6.81,20.03,21.90039473684211,10.78,29.32,7.27907894736842,1.97,13.88,37.718947368421055,12.27,83.62,17.170394736842102,6.84,24.82,2.649078947368421,1.37,5.13,44.660000000000004,0.5876315789473685,0.0,8.17,35.728,0.47010526315789475,0.0,6.5360000000000005,8.469677166082231,4.73579296151103,13.878699314057645,0.13851379209397002,8,5,0,15,279.17899290482285,3.673407801379248,1.1237910763996204,6.0581843722349795,17.007731686171564,0.22378594323909953,0.0,3.292139464770012,262.1712612186513,3.4496218581401488,0.0,6.0581843722349795,170.07731686171564,2621.712612186513,2791.7899290482287,243.45099290482284,0.06092052811426899,0.939079471885731,18.9,750.0,750.0,14175.0,2820.16,39975768.0,8.998799833953209,138.71495302574144,147.71375285969464
Sonora,General Plutarco Elías Calles,70,Caborca,139,Alfalfa achicalada,2022,2023,31.694984,-112.711749,544.0,2,1.4,0.0,331.3525244777636,4.359901637865311,1.950181565948997,7.29456118322832,14.926513157894739,7.0,22.005,22.427894736842106,13.33,31.34,7.4251315789473695,-0.41,14.85,35.09513157894737,12.13,76.23,17.62842105263158,8.1,25.16,2.560263157894737,1.1,4.83,9.37,0.12328947368421052,0.0,4.51,7.496,0.09863157894736843,0.0,3.608,8.61204898798942,4.690689786440807,12.801823162902089,0.028278040177203482,3,0,0,17,290.5914630604447,3.8235718823742726,0.7800726263795988,6.565105064905488,5.392858190482703,0.0709586604010882,0.0,2.136323831087119,285.1986048699619,3.752613221973183,0.0,6.565105064905488,53.92858190482703,2851.986048699619,2905.914630604446,283.09546306044473,0.01855821273511038,0.9814417872648893,19.45,722.0,722.0,14042.9,2929.01,41131794.53,2.7726777328959913,146.63167345499326,149.40435118788926
Sonora,General Plutarco Elías Calles,70,Caborca,139,Alfalfa achicalada,2023,2024,31.694984,-112.711749,544.0,1,1.0,0.0,253.58619353887082,3.336660441300932,1.03709601959553,5.630354506651059,12.86519736842105,5.619999999999999,20.119999999999997,19.401710526315792,9.76,27.66,6.328684210526316,-0.42,13.73,51.98276315789473,26.82,90.92,15.729342105263159,3.48,23.91,2.673026315789474,1.17,6.03,75.68,0.9957894736842107,0.0,13.61,60.54400000000001,0.7966315789473686,0.0,10.888,8.311995617674876,3.3126225952663724,13.419768885336854,0.29843896051225455,14,6,0,27,221.6873924650775,2.9169393745404935,0.6533537359869029,5.348836781318506,24.653497091603587,0.324388119626363,0.0,2.7008391123068307,197.03389537347388,2.59255125491413,0.0,5.348836781318506,246.53497091603586,1970.3389537347389,2216.873924650775,161.14339246507748,0.11120838590533408,0.8887916140946658,19.64,630.0,630.0,12373.2,2949.98,36500692.54,12.552697093484515,100.32275731846939,112.8754544119539
Sonora,General Plutarco Elías Calles,70,Caborca,139,Pastos y praderas,2010,2011,31.694984,-112.711749,544.0,1,1.0,0.0,1849.3704441716482,7.54845079253734,2.2071203146251577,12.701725265950383,25.423448979591836,9.92,37.09,32.954244897959185,14.67,44.22,17.89265306122449,2.44,30.79,36.043428571428564,10.83,80.2,25.409877551020408,12.43,32.88,2.7837959183673466,1.13,6.55,142.34,0.5809795918367348,0.0,18.28,113.87200000000001,0.4647836734693878,0.0,14.624000000000002,15.133343647933517,7.66165213974504,19.736567127372748,0.07696673235402307,34,7,109,3,1555.740540507034,6.349961389824628,0.8828481258500631,10.796466476057825,85.3458912327486,0.34835057646019835,0.0,5.709030365933943,1470.3946492742853,6.0016108133644295,0.0,10.796466476057825,853.458912327486,14703.946492742853,15557.405405070338,1441.868540507034,0.054858692057310136,0.9451413079426898,18.0,15.0,15.0,270.0,930.0,251100.0,47.414384018193665,816.8859162634918,864.3003002816855
Sonora,General Plutarco Elías Calles,70,Caborca,139,Pastos y praderas,2011,2012,31.694984,-112.711749,544.0,2,2.0,0.0,1943.2461862020764,7.931617086539087,2.9314598252805824,12.656957827353665,26.54926530612245,10.325,37.6,34.270857142857146,14.52,45.92,18.827673469387754,3.97,29.5,30.787346938775514,8.17,67.62,25.631061224489798,10.55,32.72,2.7568163265306116,1.4,5.3,103.85999999999999,0.4239183673469387,0.0,14.39,83.088,0.339134693877551,0.0,11.512,15.02261956072578,7.4518965629773,19.56662907442252,0.05344665062895931,27,3,130,1,1625.9553616049793,6.636552496346854,1.7105763935948044,10.758414153250614,69.92400916580031,0.2854041190440829,0.0,5.4162683143118135,1556.031352439179,6.3511483773027715,0.0,10.163963820196127,699.2400916580032,15560.31352439179,16259.553616049792,1542.8673616049794,0.043004876281953014,0.956995123718047,18.0,15.0,15.0,270.0,850.0,229500.0,38.84667175877795,864.4618624662105,903.3085342249884
Sonora,General Plutarco Elías Calles,70,Caborca,139,Pastos y praderas,2012,2013,31.694984,-112.711749,544.0,2,2.0,0.0,1830.3906056745757,7.47098206397786,2.128735880778234,12.668375072440433,25.981755102040818,7.955,35.83,33.37828571428571,11.47,43.36,18.58522448979592,2.72,28.98,36.796938775510206,10.38,82.36,25.041673469387757,9.91,32.75,2.6957551020408164,1.27,6.45,235.22,0.9600816326530612,0.0,24.41,188.17600000000002,0.768065306122449,0.0,19.528000000000002,14.92882912291664,7.596523845616206,19.488236915344142,0.1285080896234777,43,13,107,6,1528.8330935133354,6.240135075564634,1.6698870681520444,10.768118811574368,114.00956841978338,0.46534517722360563,0.0,5.124640826982517,1414.8235250935522,5.774789898341029,0.0,10.768118811574368,1140.0956841978339,14148.235250935522,15288.330935133356,1340.6570935133354,0.07457293337219935,0.9254270666278008,18.6,25.0,25.0,465.0,950.0,441750.0,61.29546689235666,760.6578091900818,821.9532760824385
Sonora,General Plutarco Elías Calles,70,Caborca,139,Pastos y praderas,2018,2019,31.694984,-112.711749,544.0,4,3.125,0.8125,1840.3524728888822,7.511642746485234,2.2969365485388895,12.485176007381183,26.395061224489798,12.245,38.25,33.611877551020406,19.06,44.93,19.178244897959186,2.93,31.79,37.73742857142857,7.26,81.94,25.025020408163268,8.0,32.97,2.6457551020408165,1.17,6.07,250.17000000000002,1.0211020408163265,0.0,37.31,150.102,0.612661224489796,0.0,22.386,15.017203459966323,6.0926876808134365,19.969381352735,0.1359359164537091,41,16,108,1,1542.794236413613,6.297119332300461,1.5482210577769415,10.612399606274005,104.0914648250048,0.42486312173471347,0.0,6.0889807379943495,1438.702771588608,5.872256210565746,0.0,10.612399606274005,1040.914648250048,14387.027715886079,15427.942364136126,1392.6922364136128,0.06746944107528968,0.9325305589247102,17.3,80.0,80.0,1384.0,645.5,893372.0,60.16847677745942,831.6200991841664,891.7885759616258
Sonora,General Plutarco Elías Calles,70,Caborca,139,Pastos y praderas,2019,2020,31.694984,-112.711749,544.0,2,2.0,0.0,1825.3306196404326,7.450329059756868,1.7148032990072903,12.523054752565187,25.71891836734694,10.54,36.85,32.978489795918364,13.17,44.79,18.45934693877551,3.17,29.17,38.176693877551024,11.14,84.75,25.28608163265306,9.82,32.52,2.7361632653061223,1.02,5.31,167.44,0.6834285714285714,0.0,20.15,133.952,0.5467428571428571,0.0,16.12,15.185164223406415,7.009839218313202,19.881710274982897,0.09173132702555749,33,10,100,3,1532.2761174607156,6.254188234533533,1.182275083217818,10.644596539680409,95.50978551433042,0.38983585924216496,0.0,5.5920000000000005,1436.7663319463852,5.864352375291368,0.0,10.644596539680409,955.0978551433042,14367.663319463853,15322.761174607156,1398.3241174607156,0.06233196773477682,0.9376680322652232,16.3,40.0,40.0,652.0,646.0,421192.0,58.59496043823952,881.4517373904204,940.0466978286598
Sonora,General Plutarco Elías Calles,70,Caborca,139,Pastos y praderas,2022,2023,31.694984,-112.711749,544.0,3,2.5,0.5,1860.9783764876029,7.595830108112665,3.577166093828084,13.327490921204877,26.57487755102041,11.754999999999999,35.095,33.83428571428572,19.04,42.64,19.315469387755105,2.84,28.32,36.15881632653061,6.83,71.95,24.712367346938773,6.82,32.7,2.733265306122449,0.97,6.0,205.5,0.8387755102040816,0.0,27.09,164.39999999999998,0.6710204081632652,0.0,21.672,14.748686220372921,5.672581094513508,19.376848788006914,0.11042578602544496,51,7,110,4,1558.5231779286842,6.361319093586466,1.6150749778253966,11.328367283024145,136.498650459663,0.557137348814951,0.0,5.220560608176258,1422.024527469021,5.8041817447715145,0.0,11.328367283024145,1364.9865045966299,14220.245274690209,15585.231779286838,1394.123177928684,0.0875820471538146,0.9124179528461853,16.8,60.0,60.0,1008.0,710.0,715680.0,81.24919670218034,846.4431711125125,927.6923678146928
Sonora,General Plutarco Elías Calles,70,Caborca,139,Pastos y praderas,2023,2024,31.694984,-112.711749,544.0,2,1.5714285714285714,0.0,1916.8971509507282,7.824070003880523,2.838432259909372,12.636392076105682,26.52020408163265,7.645,38.125,34.16914285714285,14.29,46.12,18.871265306122446,1.0,30.13,33.59273469387755,7.06,72.08,25.43404081632653,8.98,32.48,2.7845714285714283,1.25,8.0,85.63,0.34951020408163264,0.0,13.48,68.504,0.27960816326530613,0.0,10.784,15.058267448872984,7.038672327388346,19.671418967850226,0.04467114991408374,22,3,123,6,1610.842919502386,6.574869059193412,1.1353729039637488,10.74093326468983,56.1788058803129,0.22930124849107306,0.0,4.288,1554.664113622073,6.345567810702339,0.0,10.74093326468983,561.788058803129,15546.641136220731,16108.42919502386,1542.338919502386,0.03487540914148687,0.9651245908585131,18.0,60.0,60.0,1080.0,900.0,972000.0,31.210447711284946,863.7022853455961,894.912733056881
Sonora,General Plutarco Elías Calles,70,Caborca,139,Cártamo,2010,2011,31.694984,-112.711749,544.0,3,1.8,0.4,212.6650457555007,3.3756356469127096,1.4330668001997064,5.794496402307289,13.780317460317459,8.145,17.57,20.10412698412698,11.06,26.03,7.456507936507935,1.57,10.61,50.90650793650793,16.95,87.31,14.986666666666666,4.16,22.04,2.6911111111111103,1.2,9.56,104.92999999999999,1.6655555555555555,0.0,44.36,83.944,1.3324444444444445,0.0,35.488,7.675427029953651,3.6682810202693283,12.350836148424227,0.4934050145722451,12,5,0,9,174.35415416083706,2.767526256521223,0.6860229180600796,5.343699459088273,27.38094055520223,0.43461810405082907,0.0,4.112,146.9732136056348,2.332908152470394,0.0,5.343699459088273,273.8094055520223,1469.732136056348,1743.5415416083704,90.41015416083705,0.15704208877033146,0.8429579112296685,0.0,1.0,0.0,0.0,0.0,0.0,,,
Sonora,General Plutarco Elías Calles,70,Caborca,139,Varios,2013,2014,31.694984,-112.711749,544.0,2,2.0,0.0,769.759266581231,4.252813627520614,1.2984134183275877,8.318702907640292,18.55234806629834,1.7349999999999999,32.775000000000006,25.28,7.05,39.5,11.824696132596685,-3.79,26.21,43.61116022099447,16.2,87.65,16.376187845303868,5.69,24.51,2.317734806629834,1.08,5.34,156.03,0.8620441988950276,0.0,24.41,124.82400000000001,0.6896353591160221,0.0,19.528000000000002,8.528662219183436,4.228883031309951,15.8675653474315,0.20269973584466683,28,10,18,41,630.8647221808211,3.4854404540376858,0.9738100637456908,8.318702907640292,47.20464467836397,0.2607991418694142,0.0,2.9398321239193996,583.6600775024572,3.2246413121682718,0.0,8.318702907640292,472.0464467836397,5836.600775024572,6308.647221808212,506.0407221808211,0.0748253040924263,0.9251746959075737,48.0,145.0,145.0,6960.0,1200.0,8352000.0,9.83430097465916,121.59584947967858,131.43015045433773
Sonora,General Plutarco Elías Calles,70,Caborca,139,Algodón hueso,2010,2011,31.694984,-112.711749,544.0,1,1.0,0.0,1677.4440445000869,7.912471908019278,2.2071203146251577,12.701725265950383,25.6014858490566,9.92,37.09,33.25452830188679,14.67,44.22,17.948443396226416,2.44,30.79,34.916226415094336,10.83,80.2,26.49707547169811,12.58,32.88,2.875283018867924,1.2,6.55,129.86,0.6125471698113208,0.0,18.28,103.888,0.49003773584905663,0.0,14.624000000000002,15.90234711939609,8.235727642534165,19.736567127372748,0.07741539899693106,29,7,102,3,1548.8195768062205,7.305752720784059,0.7724921101188051,14.60698405584294,73.50312750772572,0.3467128656024798,0.0,5.0675513591483625,1475.3164492984947,6.959039855181579,0.0,14.60698405584294,735.0312750772572,14753.164492984946,15488.195768062204,1444.9315768062206,0.047457514489385885,0.952542485510614,2.5,935.0,935.0,2337.5,6900.0,16128750.0,294.0125100309029,5901.265797193979,6195.278307224882
Sonora,General Plutarco Elías Calles,70,Caborca,139,Algodón hueso,2011,2012,31.694984,-112.711749,544.0,2,2.0,0.0,1740.9510908320642,8.212033447321058,2.9314598252805824,12.656957827353665,26.68379716981132,10.325,37.6,34.42155660377358,14.52,45.92,18.946037735849057,3.97,29.5,31.199386792452827,8.17,67.62,26.590849056603776,10.55,32.72,2.828915094339622,1.4,5.3,102.21,0.48212264150943396,0.0,14.39,81.768,0.38569811320754716,0.0,11.512,15.814003319047409,7.511094359830421,19.56662907442252,0.05870928858268505,27,3,114,1,1599.6744408470681,7.545634154939001,1.0544455197729277,14.555501501456714,68.14208057769062,0.3214249083853331,0.0,4.4604562588450225,1531.5323602693775,7.224209246553667,0.0,13.751245168500642,681.4208057769063,15315.323602693774,15996.74440847068,1517.906440847068,0.042597467858277255,0.9574025321417228,2.97,1472.0,1472.0,4371.84,6000.0,26231040.0,229.43461473969907,5156.674613701607,5386.109228441306
Sonora,General Plutarco Elías Calles,70,Caborca,139,Algodón hueso,2012,2013,31.694984,-112.711749,544.0,2,2.0,0.0,1648.0221922357503,7.77368958601769,2.128735880778234,12.668375072440433,26.23650943396226,7.955,35.83,33.64660377358491,11.47,43.36,18.826415094339623,2.72,28.98,36.012830188679246,10.38,82.36,25.899952830188678,9.91,32.75,2.75066037735849,1.27,6.45,235.2,1.109433962264151,0.0,24.41,188.16000000000003,0.8875471698113209,0.0,19.528000000000002,15.603539949631498,7.596523845616206,19.488236915344142,0.14271652475803223,43,13,102,6,1540.6041598800807,7.267000754151324,0.745057558272382,14.568631333306497,109.26116333152436,0.5153828459034168,0.0,6.933337589446935,1431.3429965485564,6.7516179082479075,0.0,14.568631333306497,1092.6116333152436,14313.429965485564,15406.041598800808,1352.4441598800806,0.07092098423259428,0.9290790157674057,2.8,1364.5,1364.5,3820.6,6179.19,23608213.31,390.2184404697299,5111.939273387702,5502.157713857432
Sonora,General Plutarco Elías Calles,70,Caborca,139,Algodón hueso,2013,2014,31.694984,-112.711749,544.0,3,2.3333333333333335,0.5,1707.7756003073496,8.05554528446863,2.8723754126679126,12.367914873333705,26.573561320754713,9.785,35.22,34.0863679245283,15.15,43.11,19.06075471698113,4.42,28.52,34.57872641509434,8.63,75.73,26.071745283018863,12.51,32.84,2.8542452830188676,0.92,6.27,185.76999999999998,0.8762735849056603,0.0,28.61,148.616,0.7010188679245284,0.0,22.888,15.66774031727368,8.899085432747029,19.227985699818085,0.10877892854691613,32,11,104,1,1589.3195923504672,7.496790529955034,1.0053313944337694,14.22310210433376,99.112036198118,0.4675096047081038,0.0,8.488,1490.2075561523493,7.029280925246931,0.0,14.22310210433376,991.12036198118,14902.075561523492,15893.195923504672,1440.7035923504673,0.06236130019107095,0.9376386998089291,2.7,1082.0,1082.0,2921.4,6020.0,17586828.0,367.0816155485852,5519.287245008701,5886.368860557286
Sonora,General Plutarco Elías Calles,70,Caborca,139,Algodón hueso,2014,2015,31.694984,-112.711749,544.0,2,1.6666666666666667,0.0,1687.9348820496934,7.961956990800441,2.0883107402159915,12.616135536388049,26.693820754716985,13.91,35.805,33.971792452830194,18.41,42.57,19.415849056603772,6.14,29.04,35.99443396226415,7.34,82.96,26.154056603773583,8.82,32.52,2.801179245283019,1.14,6.23,250.80000000000004,1.1830188679245286,0.0,29.41,150.47999999999996,0.7098113207547168,0.0,17.646,15.732585330661621,6.533713495420201,19.59347824396287,0.1485839309721762,37,17,106,0,1577.6204033690046,7.44160567626889,0.7309087590755969,14.508555866846255,98.53311242734254,0.464778832204446,0.0,5.358,1479.087290941662,6.976826844064444,0.0,14.508555866846255,985.3311242734254,14790.872909416621,15776.204033690046,1427.1404033690046,0.06245679392642572,0.9375432060735743,3.25,1005.0,1005.0,3266.25,6000.0,19597500.0,303.1788074687463,4551.037818282037,4854.216625750783
Sonora,General Plutarco Elías Calles,70,Caborca,139,Algodón hueso,2015,2016,31.694984,-112.711749,544.0,0,0.0,0.0,1584.4323386410915,7.473737446420243,1.8820548705441906,12.471573702080791,26.443514150943393,12.46,36.629999999999995,33.3402358490566,16.77,43.73,19.54679245283019,6.25,29.53,40.78693396226415,13.6,81.9,25.38627358490566,8.23,32.15,2.8221698113207543,0.84,5.72,189.99,0.896179245283019,0.0,18.88,151.99200000000002,0.7169433962264152,0.0,15.104,15.64598855394522,6.05766243357154,19.79197256037037,0.11991045333178907,42,11,96,0,1456.5247411689757,6.8703997224951685,0.6587192046904666,14.34230975739291,119.57155959606044,0.5640167905474549,0.0,8.421863469036927,1336.9531815729154,6.306382931947714,0.0,14.34230975739291,1195.7155959606043,13369.531815729153,14565.247411689757,1304.5327411689757,0.08209373738484858,0.9179062626151515,2.85,550.0,550.0,1567.5,5950.0,9326625.0,419.5493319160015,4691.063794992685,5110.613126908686
Sonora,General Plutarco Elías Calles,70,Caborca,139,Algodón hueso,2016,2017,31.694984,-112.711749,544.0,3,2.0,0.07692307692307693,1680.7380536577598,7.928009687064905,3.7739114190030048,13.30689179618696,26.502759433962265,12.5,37.56,33.90198113207547,18.15,47.16,19.10353773584906,5.56,29.41,35.79627358490566,9.69,73.7,26.33981132075472,8.97,32.68,2.815943396226415,1.34,5.35,165.36999999999998,0.7800471698113206,0.0,21.76,132.296,0.6240377358490565,0.0,17.408,15.887354388364317,6.737722568344522,19.587011213016186,0.09839129877502817,30,13,94,0,1548.6267967961135,7.304843381113743,1.3208689966510516,15.302925565615004,102.89990180026172,0.4853768952842534,0.0,5.864000000000001,1445.7268949958516,6.819466485829489,0.0,15.302925565615004,1028.999018002617,14457.268949958516,15486.267967961132,1416.3307967961134,0.06644590033773588,0.933554099662264,4.1,275.48,275.48,1129.47,8213.79,9277229.39,250.97537024454076,3526.1631585264677,3777.1385287710086
Sonora,General Plutarco Elías Calles,70,Caborca,139,Algodón hueso,2017,2018,31.694984,-112.711749,544.0,2,1.1538461538461537,0.0,1685.4349320822537,7.950164773972895,4.0236591645208355,11.941399439192084,26.94660377358491,13.745,37.085,34.47056603773585,19.4,46.33,19.422641509433966,6.7,28.51,34.911981132075475,8.87,72.91,26.487547169811318,9.41,33.65,2.7020283018867928,1.27,6.46,161.36,0.7611320754716981,0.0,13.91,129.088,0.6089056603773585,0.0,11.128,15.907369918650113,7.184696174051894,19.80112035534625,0.0957378994160572,34,12,109,0,1555.6332128657273,7.337892513517581,1.4156513019002481,13.732609355070895,115.02401043837274,0.5425660869734563,0.0,8.671499649186648,1440.6092024273544,6.795326426544125,0.0,13.732609355070895,1150.2401043837274,14406.092024273545,15556.332128657272,1426.5452128657273,0.07394031542080537,0.9260596845791945,3.2,709.0,709.0,2268.8,10752.34,24394908.99,359.4500326199148,4501.903757585483,4861.353790205398
Sonora,General Plutarco Elías Calles,70,Caborca,139,Algodón hueso,2018,2019,31.694984,-112.711749,544.0,4,3.3846153846153846,1.0,1694.1584559296575,7.991313471366309,3.0194211780280376,12.485176007381183,26.95695754716981,12.245,38.25,34.382783018867926,19.06,44.93,19.5311320754717,2.93,31.79,34.999811320754716,7.26,73.99,26.167311320754724,9.2,32.97,2.709952830188679,1.17,6.07,164.76999999999998,0.7772169811320754,0.0,12.58,131.81600000000003,0.6217735849056605,0.0,10.064,15.77101927467156,6.959246812522585,19.969381352735,0.09725772664492803,32,11,107,1,1585.3255076115584,7.47795050760169,1.3546934255548237,14.357952408488359,106.67914497699682,0.5032035140424378,0.0,8.238032763168825,1478.6463626345615,6.974746993559252,0.0,14.357952408488359,1066.7914497699683,14786.463626345614,15853.255076115582,1453.5095076115583,0.0672916347241009,0.9327083652758991,3.4,675.0,545.0,1853.0,10744.77,19910058.81,313.7621911088142,4348.959890101652,4662.722081210466
Sonora,General Plutarco Elías Calles,70,Caborca,139,Algodón hueso,2019,2020,31.694984,-112.711749,544.0,2,2.0,0.0,1628.3499394543396,7.6808959408223565,1.7148032990072903,12.523054752565187,26.016438679245287,10.54,36.85,33.21872641509434,13.17,44.79,18.814150943396225,3.17,29.17,39.035613207547165,11.14,84.75,26.06316037735849,9.82,32.52,2.7876415094339624,1.02,5.19,167.43999999999997,0.7898113207547168,0.0,20.15,133.952,0.6318490566037736,0.0,16.12,15.91016740584182,7.009839218313202,19.881710274982897,0.10282801991328053,33,10,97,3,1511.2783053692347,7.128671251741673,0.6001811546525516,14.401512965449964,88.16303070462882,0.4158633523803246,0.0,5.022093642776586,1423.1152746646057,6.712807899361348,0.0,14.401512965449964,881.6303070462882,14231.152746646057,15112.783053692347,1377.3263053692347,0.05833672751829047,0.9416632724817094,4.0,421.0,421.0,1684.0,10752.15,18106620.6,220.40757676157205,3557.7881866615144,3778.1957634230866
Sonora,General Plutarco Elías Calles,70,Caborca,139,Algodón hueso,2020,2021,31.694984,-112.711749,544.0,3,2.0,0.25,1735.7621551743523,8.187557335728076,1.8919609764503853,12.421525863765876,27.204646226415097,10.195,37.02,34.70169811320754,15.68,45.06,19.70759433962264,4.71,28.98,35.51570754716981,7.03,82.87,26.325000000000003,6.38,33.19,2.8655188679245285,1.24,6.35,94.72999999999999,0.4468396226415094,0.0,12.35,75.78399999999999,0.3574716981132075,0.0,9.88,15.89823657156238,5.288583917505694,20.226661403236438,0.05457544959003017,21,5,129,1,1620.5146256123548,7.643936913265825,0.6621863417576348,14.284754743330756,52.19922693776778,0.24622276857437633,0.0,5.603502215394973,1568.315398674587,7.397714144691448,0.0,14.284754743330756,521.9922693776779,15683.15398674587,16205.146256123548,1544.7306256123547,0.03221151238795077,0.9677884876120492,4.2,275.0,275.0,1155.0,12496.58,14433549.9,124.28387366135186,3734.0842825585405,3858.368156219892
Sonora,General Plutarco Elías Calles,70,Caborca,139,Algodón hueso,2021,2022,31.694984,-112.711749,544.0,5,4.153846153846154,0.7692307692307693,1653.4599368184427,7.799339324615295,3.147908159013684,12.401449052866246,26.68063679245283,9.945,35.935,33.99377358490566,16.1,44.14,19.367500000000003,2.22,28.64,36.54481132075472,7.24,73.0,25.561839622641507,6.61,33.23,2.812547169811321,0.91,6.11,200.45999999999998,0.9455660377358489,0.0,15.04,160.36800000000002,0.7564528301886794,0.0,12.032,15.490287830256996,5.544574754243548,19.32437688379853,0.12123668408060823,45,11,103,4,1545.5113164110749,7.290147718920164,1.1764366829544588,14.261666410796181,127.21077889135822,0.6000508438271615,0.0,6.136,1418.3005375197167,6.690096875093003,0.0,14.261666410796181,1272.1077889135822,14183.005375197168,15455.11316411075,1385.143316411075,0.08230983334807411,0.9176901666519259,3.9,90.0,90.0,351.0,15745.46,5526656.46,326.18148433681597,3636.668044922351,3962.849529259167
Sonora,General Plutarco Elías Calles,70,Caborca,139,Algodón hueso,2022,2023,31.694984,-112.711749,544.0,3,2.6153846153846154,0.6153846153846154,1702.6451664571532,8.031345124797893,4.037687444563491,13.327490921204877,26.99790094339623,11.754999999999999,35.095,34.409669811320754,19.04,42.64,19.5861320754717,2.84,28.32,34.311839622641514,6.83,71.95,25.757264150943396,6.82,32.7,2.8370283018867926,1.02,6.0,182.55999999999997,0.861132075471698,0.0,27.09,146.048,0.6889056603773585,0.0,21.672,15.456422144252262,5.672581094513508,19.376848788006914,0.10722140090989656,44,6,110,4,1591.4684424700895,7.50692661542495,1.4131906055972216,15.326614559385607,114.49764320003248,0.5400832226416626,0.0,4.4799999999999995,1476.970799270057,6.966843392783288,0.0,15.326614559385607,1144.9764320003248,14769.707992700569,15914.684424700894,1445.4204424700895,0.07194465196075316,0.9280553480392468,4.11,17.5,17.5,71.93,15200.0,1093336.0,278.58307347939774,3593.6029179320117,3872.1859914114093
Sonora,General Plutarco Elías Calles,70,Caborca,139,Algodón hueso,2023,2024,31.694984,-112.711749,544.0,2,1.25,0.0,1715.3746607382293,8.091389909142592,2.838432259909372,12.636392076105682,26.577311320754713,7.645,38.125,34.26627358490566,14.29,46.12,18.888349056603772,1.0,30.13,33.50287735849057,7.06,72.08,26.296132075471697,8.98,32.48,2.8504716981132074,1.25,8.0,81.64,0.3850943396226415,0.0,13.48,65.312,0.3080754716981132,0.0,10.784,15.779744452498017,7.038672327388346,19.671418967850226,0.04759310130235069,21,3,109,6,1592.555934200939,7.512056293400655,0.9934512909682801,14.531850887521534,50.50978365142025,0.23825369646896344,0.0,4.288,1542.0461505495189,7.273802596931692,0.0,14.531850887521534,505.0978365142025,15420.461505495188,15925.55934200939,1527.243934200939,0.031716175593395034,0.9682838244066051,4.2,20.0,20.0,84.0,15775.0,1325100.0,120.2613896462387,3671.5384536893303,3791.7998433355688
