Estado,Municipio,IdMunicipio,DDR,IdDDR,Cultivo,Anio,AnioFin,Lat,Lon,Z_m,ET0_total_mm,ET0_mean_mm_d,ET0_min_mm_d,ET0_max_mm_d,Tmean_ciclo_mean_C,Tmean_ciclo_min_C,Tmean_ciclo_max_C,Tmax_ciclo_mean_C,Tmax_ciclo_min_C,Tmax_ciclo_max_C,Tmin_ciclo_mean_C,Tmin_ciclo_min_C,Tmin_ciclo_max_C,RH_mean_pct,RH_min_pct,RH_max_pct,Rs_mean_MJ_m2_d,Rs_min_MJ_m2_d,Rs_max_MJ_m2_d,Ws_mean_m_s,Ws_min_m_s,Ws_max_m_s,Ptot_total_mm,Ptot_mean_mm_d,Ptot_min_mm_d,Ptot_max_mm_d,Pef_total_mm,Pef_mean_mm_d,Pef_min_mm_d,Pef_max_mm_d,Rn_mean_MJ_m2_d,Rn_min_MJ_m2_d,Rn_max_MJ_m2_d,ratio_Ptot_ET0,dias_lluvia_ge_1mm,dias_lluvia_ge_5mm,dias_estres_calor,dias_riesgo_helada,ETc_total_mm,ETc_mean_mm_d,ETc_min_mm_d,ETc_max_mm_d,ETverde_total_mm,ETverde_mean_mm_d,ETverde_min_mm_d,ETverde_max_mm_d,ETazul_total_mm,ETazul_mean_mm_d,ETazul_min_mm_d,ETazul_max_mm_d,UACverde_m3_ha,UACazul_m3_ha,UACtotal_m3_ha,deficit_hidrico_mm,frac_verde,frac_azul,Rend_t_ha,SupSembradaTotal_ha,SupCosechadaTotal_ha,VolumenTotal_t,PMR,Valorproduccion,HHverde_m3_ton,HHazul_m3_ton,HHtotal_m3_ton
Sonora,Mazatán,37,Mazatán,145,Avena forrajera en verde,2010,2011,28.931204,-110.356087,465.0,448.9328961745329,4.775881874197158,1.6118343092044218,8.8300166741703,17.03781914893617,11.115,23.555,24.882765957446804,15.45,34.55,9.19287234042553,3.31,14.03,42.86627659574469,16.96,84.74,19.165744680851063,7.12,27.66,2.5540425531914894,1.39,7.14,71.83,0.7641489361702127,0.0,23.04,57.464,0.6113191489361702,0.0,18.432,10.330397597378406,5.022596347765571,15.730064738061772,0.16000164080663504,12,3,0,4,442.8661260523002,4.711341766513832,0.5019363056712974,10.154519175295844,22.934271006309693,0.2439816064501031,0.0,2.7398189042671817,419.9318550459905,4.467360160063729,0.0,10.154519175295844,229.34271006309694,4199.318550459905,4428.661260523002,385.4021260523002,0.05178601310230097,0.948213986897699,19.3,39.0,39.0,752.7,400.0,301080.0,11.88304197218119,217.58127204455465,229.46431401673584
Sonora,Mazatán,37,Mazatán,145,Avena forrajera en verde,2011,2012,28.931204,-110.356087,465.0,810.4526606004747,5.162118857327864,2.2601594772648634,9.613830676505978,18.815605095541404,2.67,26.174999999999997,27.229936305732487,8.76,36.83,10.401273885350319,-3.42,17.98,30.309426751592355,9.53,71.52,18.571910828025477,8.04,26.88,2.330573248407643,1.3,6.55,1.8,0.011464968152866243,0.0,0.73,1.44,0.009171974522292993,0.0,0.584,9.091794419824309,4.768891596035175,15.162568745090717,0.0022209810486233175,0,0,5,7,745.0777120331122,4.745717911038931,1.0326638380052935,8.337903139755829,1.44,0.009171974522292993,0.0,0.584,743.6377120331123,4.736545936516639,1.0326638380052935,8.337903139755829,0.0,0.0,0.0,743.6377120331122,0.0019326843049306036,0.9980673156950695,20.0,37.0,37.0,740.0,450.0,333000.0,0.0,0.0,0.0
Sonora,Mazatán,37,Mazatán,145,Avena forrajera en verde,2012,2013,28.931204,-110.356087,465.0,733.0941077424808,4.63983612495241,1.3962592654435835,9.132447461071102,17.529525316455697,7.785,26.104999999999997,25.56158227848101,13.7,35.72,9.49746835443038,1.87,17.04,39.48316455696202,10.08,86.92,17.719113924050635,3.29,28.38,2.3658227848101268,0.99,5.26,96.19000000000001,0.6087974683544305,0.0,55.27,76.95200000000001,0.4870379746835444,0.0,44.21600000000001,9.073700301652373,3.3500250633331285,15.737275515882452,0.13121098503466538,11,3,2,11,675.7993950877684,4.27721136131499,0.41887777963307504,8.219202714963993,18.40073727856901,0.11646036252258868,0.0,3.576,657.3986578091994,4.160750998792402,0.0,8.219202714963993,0.0,0.0,0.0,598.8473950877684,0.02722810557736478,0.9727718944226353,19.4,31.0,31.0,601.4,420.0,252588.0,0.0,0.0,0.0
Sonora,Mazatán,37,Mazatán,145,Avena forrajera en verde,2013,2014,28.931204,-110.356087,465.0,757.3883432585689,4.824129574895343,1.896735018452179,9.17933295338017,18.734490445859876,6.404999999999999,26.03,26.714649681528666,13.91,37.63,10.754331210191085,-2.45,20.61,34.59917197452229,12.98,73.99,17.326942675159234,5.9,27.87,2.272420382165605,0.96,4.67,41.69,0.2655414012738853,0.0,12.24,33.352,0.21243312101910827,0.0,9.792000000000002,8.83487212132213,4.5453191649122315,15.427052962854647,0.055044417267677996,6,5,5,17,697.3615245139537,4.4417931497704055,0.7540478579519097,8.261399658042153,17.33324908829085,0.11040286043497356,0.0,3.4597147294655057,680.0282754256627,4.331390289335432,0.0,8.261399658042153,0.0,0.0,0.0,664.0095245139537,0.024855470912840738,0.9751445290871591,19.42,32.0,32.0,621.44,441.34,274266.33,0.0,0.0,0.0
Sonora,Mazatán,37,Mazatán,145,Avena forrajera en verde,2014,2015,28.931204,-110.356087,465.0,773.9600719034116,4.929681986645934,1.6356827850143811,9.907625744391376,20.053821656050953,10.955,26.68,27.813184713375797,14.33,35.81,12.294458598726115,5.17,20.73,35.919936305732485,11.52,79.29,17.093503184713374,5.54,27.52,2.2895541401273887,1.08,5.39,21.720000000000002,0.138343949044586,0.0,8.11,17.376,0.1106751592356688,0.0,6.4879999999999995,8.782910600910771,4.215652100165225,15.583620313232775,0.028063463204999296,5,2,2,0,720.2647933509994,4.587673842999997,0.8112987583890381,8.916863169952238,9.660852579948678,0.061534092865915144,0.0,1.947817377182139,710.6039407710507,4.526139750134081,0.0,8.916863169952238,0.0,0.0,0.0,702.8887933509994,0.013412917956189414,0.9865870820438105,19.38,28.0,28.0,542.64,456.91,247937.64,0.0,0.0,0.0
Sonora,Mazatán,37,Mazatán,145,Avena forrajera en verde,2015,2016,28.931204,-110.356087,465.0,711.6357830038927,4.532711993655368,1.4665370062258276,8.377175187339914,19.877229299363055,7.975,27.005,27.279745222929936,13.99,37.36,12.474713375796176,1.57,20.65,43.65082802547771,18.21,85.65,16.738662420382166,4.14,26.53,2.239108280254777,1.17,5.26,104.70000000000002,0.6668789808917198,0.0,23.75,83.76,0.5335031847133759,0.0,19.0,8.94374958298718,3.8123452818378283,15.695930829426338,0.14712582264771712,10,7,2,4,662.3647544238158,4.218883786138955,1.0147189290589946,8.722652819431746,28.79986731986373,0.1834386453494505,0.0,3.946884929858663,633.5648871039521,4.035445140789504,0.0,8.722652819431746,0.0,0.0,0.0,578.6047544238158,0.043480374110359224,0.9565196258896407,19.4,22.0,22.0,426.8,470.0,200596.0,0.0,0.0,0.0
Sonora,Mazatán,37,Mazatán,145,Avena forrajera en verde,2016,2017,28.931204,-110.356087,465.0,765.1864851967341,4.842952437954013,1.8616131781834313,8.965782445044404,18.956962025316454,7.56,26.44,27.197468354430377,14.46,36.85,10.716455696202532,0.18,16.93,37.87949367088608,13.64,78.63,17.738354430379747,4.06,27.99,2.2974683544303796,1.0,4.13,52.650000000000006,0.3332278481012659,0.0,8.23,42.120000000000005,0.2665822784810127,0.0,6.5840000000000005,9.092564723878244,3.730903778118033,15.711800255863263,0.06880675628564371,12,5,7,12,711.2048470007253,4.501296500004591,0.7470185290356283,8.069204200539964,25.060789946650747,0.15861259459905536,0.0,3.263190071113829,686.1440570540744,4.342683905405535,0.0,8.069204200539964,0.0,0.0,0.0,669.0848470007253,0.03523709104674478,0.9647629089532551,19.45,16.0,16.0,311.2,525.21,163445.35,0.0,0.0,0.0
Sonora,Mazatán,37,Mazatán,145,Avena forrajera en verde,2017,2018,28.931204,-110.356087,465.0,743.1678560088237,4.733553222986139,1.6425765525352813,8.35602982658016,20.168757961783438,11.665000000000001,29.23,27.85605095541401,16.87,37.95,12.481464968152865,3.69,21.65,40.433694267515925,18.07,81.1,17.266496815286622,3.04,27.84,2.2248407643312107,0.7,5.79,80.75,0.5143312101910829,0.0,25.66,64.60000000000001,0.4114649681528663,0.0,20.528000000000002,9.040755759841819,3.32870206455705,16.053403097496233,0.10865647558233633,9,5,11,1,672.4894710774183,4.283372427244703,1.2055621024043586,7.520426843922144,22.688413704893843,0.1445121892031455,0.0,3.7040675528435525,649.8010573725245,4.138860238041557,0.0,7.520426843922144,0.0,0.0,0.0,607.8894710774183,0.03373794636300247,0.9662620536369976,19.8,15.0,15.0,297.0,520.0,154440.0,0.0,0.0,0.0
Sonora,Mazatán,37,Mazatán,145,Avena forrajera en verde,2018,2019,28.931204,-110.356087,465.0,793.9416292760351,5.056953052713599,1.755534399148938,8.825389472641593,21.2712101910828,11.530000000000001,28.9,29.097197452229302,16.49,37.54,13.445222929936307,2.33,21.25,32.766050955414016,13.07,83.58,16.963312101910827,3.7,28.08,2.2225477707006367,0.89,5.45,30.89,0.1967515923566879,0.0,25.17,24.712000000000003,0.15740127388535033,0.0,20.136000000000003,8.618658571020287,3.5550122438490357,15.54886460821768,0.03890714236532402,2,1,14,1,736.2645894190536,4.689583372095883,1.2316283861552544,8.297497635708975,6.594864559021279,0.04200550674535847,0.0,2.018864559021279,729.6697248600323,4.647577865350524,0.0,8.297497635708975,0.0,0.0,0.0,711.5525894190536,0.008957193723284898,0.991042806276715,19.69,13.0,13.0,256.0,570.0,145920.0,0.0,0.0,0.0
Sonora,Mazatán,37,Mazatán,145,Avena forrajera en verde,2019,2020,28.931204,-110.356087,465.0,645.4624863755846,4.111226027869965,1.0087150904871205,8.031680159444408,17.893439490445857,8.3,24.28,25.278789808917196,12.61,34.75,10.508089171974522,1.35,18.73,46.61184713375796,24.98,86.96,16.383694267515924,3.87,27.3,2.132356687898089,0.89,5.6,79.28999999999999,0.5050318471337579,0.0,23.46,63.432,0.40402547770700636,0.0,18.768,8.850912931257014,3.5674559411992846,15.833278021003407,0.1228421506650696,9,3,0,10,593.1938191666131,3.7783045806790647,0.9013258237154321,7.228512143499967,18.50086807791645,0.11783992406316211,0.0,2.706853207212324,574.6929510886966,3.6604646566159023,0.0,7.228512143499967,0.0,0.0,0.0,529.7618191666131,0.031188571896970534,0.9688114281030294,19.7,15.0,15.0,295.5,632.4,186874.2,0.0,0.0,0.0
Sonora,Mazatán,37,Mazatán,145,Avena forrajera en verde,2020,2021,28.931204,-110.356087,465.0,571.0179051090319,3.6140373741077965,0.8031595198118328,7.3349719954196555,17.784462025316454,7.165,25.75,24.687025316455696,15.4,32.96,10.881898734177216,-1.25,20.35,55.59417721518988,26.29,94.33,15.54145569620253,2.07,27.7,2.101962025316456,0.91,5.47,272.96000000000004,1.727594936708861,0.0,95.63,163.776,1.0365569620253166,0.0,57.37799999999999,8.707477635554506,2.751963064598622,15.908770474261342,0.478023539293186,20,10,0,8,521.0187936499367,3.2975873015818777,0.8329452986549907,6.903140503506209,37.77116531735013,0.23905800833765906,0.0,2.950270996230352,483.2476283325865,3.0585292932442183,0.0,6.903140503506209,0.0,0.0,0.0,357.2427936499367,0.07249482317662405,0.9275051768233759,19.8,13.0,13.0,257.4,718.5,184941.9,0.0,0.0,0.0
Sonora,Mazatán,37,Mazatán,145,Avena forrajera en verde,2021,2022,28.931204,-110.356087,465.0,793.7668114337821,5.055839563272498,1.8874627050847306,10.23663663753849,19.013757961783437,10.475,30.285,27.255859872611467,15.88,39.85,10.771656050955412,3.65,21.89,31.915286624203816,11.89,80.73,17.811273885350317,6.27,27.63,2.361783439490446,1.3,4.78,69.08,0.44,0.0,19.77,55.263999999999996,0.352,0.0,15.816,8.816077792945313,4.643627969246275,15.252125676315488,0.08702807802611537,7,4,17,4,729.9827852458973,4.649571880547116,1.0951823028610919,9.212972973784641,19.22437807516509,0.12244826799468211,0.0,4.024,710.7584071707321,4.527123612552433,0.0,9.212972973784641,0.0,0.0,0.0,674.7187852458973,0.026335385523768608,0.9736646144762312,20.7,15.0,15.0,310.5,757.96,235346.58,0.0,0.0,0.0
Sonora,Mazatán,37,Mazatán,145,Avena forrajera en verde,2022,2023,28.931204,-110.356087,465.0,732.9301410086975,4.668344847189156,1.9014762246428407,9.781983343377762,19.185127388535037,9.25,26.580000000000002,27.080955414012735,17.56,37.44,11.289299363057326,0.94,18.21,38.93554140127389,7.97,82.6,17.796369426751593,7.49,27.5,2.1554777070063693,1.28,4.98,70.7,0.45031847133757963,0.0,37.63,56.56,0.3602547770700637,0.0,30.104000000000003,9.167851238958546,4.888028383842856,15.878214996305555,0.09646212653050247,6,4,3,3,667.6682540587573,4.252664038590811,1.0803455675629938,8.803785009039986,15.030629486152588,0.09573649354237317,0.0,3.6646771087199443,652.6376245726046,4.156927545048437,0.0,8.803785009039986,0.0,0.0,0.0,611.1082540587572,0.022512122442217893,0.977487877557782,20.3,16.0,16.0,324.8,810.59,263279.63,0.0,0.0,0.0
Sonora,Mazatán,37,Mazatán,145,Avena forrajera en verde,2023,2024,28.931204,-110.356087,465.0,662.942100370361,4.222561148855802,1.5749363334124626,8.478911665632141,17.342707006369427,9.415000000000001,24.035,24.824267515923566,16.31,33.24,9.861146496815286,1.19,18.37,43.922611464968156,16.07,79.64,16.938343949044583,3.4,28.22,2.222611464968153,1.22,4.69,45.89,0.29229299363057326,0.0,12.12,36.712,0.23383439490445862,0.0,9.696,8.935148784224737,3.7248938516045484,15.943919963033398,0.06922173139156945,7,4,0,8,615.4306816005709,3.9199406471373943,0.8521035296256395,7.631020499068928,13.650721386398919,0.08694726997706317,0.0,2.458827312318777,601.779960214172,3.832993377160331,0.0,7.631020499068928,0.0,0.0,0.0,578.7186816005709,0.02218076185427908,0.9778192381457209,21.0,20.0,20.0,420.0,799.43,335760.6,0.0,0.0,0.0
Sonora,Mazatán,37,Mazatán,145,Cebada forrajera en verde,2010,2011,28.931204,-110.356087,465.0,448.9328961745329,4.775881874197158,1.6118343092044218,8.8300166741703,17.03781914893617,11.115,23.555,24.882765957446804,15.45,34.55,9.19287234042553,3.31,14.03,42.86627659574469,16.96,84.74,19.165744680851063,7.12,27.66,2.5540425531914894,1.39,7.14,71.83,0.7641489361702127,0.0,23.04,57.464,0.6113191489361702,0.0,18.432,10.330397597378406,5.022596347765571,15.730064738061772,0.16000164080663504,12,3,0,4,442.8661260523002,4.711341766513832,0.5019363056712974,10.154519175295844,22.934271006309693,0.2439816064501031,0.0,2.7398189042671817,419.9318550459905,4.467360160063729,0.0,10.154519175295844,229.34271006309694,4199.318550459905,4428.661260523002,385.4021260523002,0.05178601310230097,0.948213986897699,18.3,25.0,25.0,457.5,400.0,183000.0,12.532388528038084,229.47095904152485,242.00334756956295
Sonora,Mazatán,37,Mazatán,145,Cebada forrajera en verde,2011,2012,28.931204,-110.356087,465.0,810.4526606004747,5.162118857327864,2.2601594772648634,9.613830676505978,18.815605095541404,2.67,26.174999999999997,27.229936305732487,8.76,36.83,10.401273885350319,-3.42,17.98,30.309426751592355,9.53,71.52,18.571910828025477,8.04,26.88,2.330573248407643,1.3,6.55,1.8,0.011464968152866243,0.0,0.73,1.44,0.009171974522292993,0.0,0.584,9.091794419824309,4.768891596035175,15.162568745090717,0.0022209810486233175,0,0,5,7,745.0777120331122,4.745717911038931,1.0326638380052935,8.337903139755829,1.44,0.009171974522292993,0.0,0.584,743.6377120331123,4.736545936516639,1.0326638380052935,8.337903139755829,0.0,0.0,0.0,743.6377120331122,0.0019326843049306036,0.9980673156950695,18.6,23.0,23.0,427.8,420.0,179676.0,0.0,0.0,0.0
Sonora,Mazatán,37,Mazatán,145,Cebada forrajera en verde,2012,2013,28.931204,-110.356087,465.0,733.0941077424808,4.63983612495241,1.3962592654435835,9.132447461071102,17.529525316455697,7.785,26.104999999999997,25.56158227848101,13.7,35.72,9.49746835443038,1.87,17.04,39.48316455696202,10.08,86.92,17.719113924050635,3.29,28.38,2.3658227848101268,0.99,5.26,96.19000000000001,0.6087974683544305,0.0,55.27,76.95200000000001,0.4870379746835444,0.0,44.21600000000001,9.073700301652373,3.3500250633331285,15.737275515882452,0.13121098503466538,11,3,2,11,675.7993950877684,4.27721136131499,0.41887777963307504,8.219202714963993,18.40073727856901,0.11646036252258868,0.0,3.576,657.3986578091994,4.160750998792402,0.0,8.219202714963993,0.0,0.0,0.0,598.8473950877684,0.02722810557736478,0.9727718944226353,18.3,16.0,16.0,292.8,410.0,120048.0,0.0,0.0,0.0
Sonora,Mazatán,37,Mazatán,145,Cebada forrajera en verde,2013,2014,28.931204,-110.356087,465.0,757.3883432585689,4.824129574895343,1.896735018452179,9.17933295338017,18.734490445859876,6.404999999999999,26.03,26.714649681528666,13.91,37.63,10.754331210191085,-2.45,20.61,34.59917197452229,12.98,73.99,17.326942675159234,5.9,27.87,2.272420382165605,0.96,4.67,41.69,0.2655414012738853,0.0,12.24,33.352,0.21243312101910827,0.0,9.792000000000002,8.83487212132213,4.5453191649122315,15.427052962854647,0.055044417267677996,6,5,5,17,697.3615245139537,4.4417931497704055,0.7540478579519097,8.261399658042153,17.33324908829085,0.11040286043497356,0.0,3.4597147294655057,680.0282754256627,4.331390289335432,0.0,8.261399658042153,0.0,0.0,0.0,664.0095245139537,0.024855470912840738,0.9751445290871591,18.33,15.0,15.0,274.95,440.0,120978.0,0.0,0.0,0.0
Sonora,Mazatán,37,Mazatán,145,Cebada forrajera en verde,2014,2015,28.931204,-110.356087,465.0,773.9600719034116,4.929681986645934,1.6356827850143811,9.907625744391376,20.053821656050953,10.955,26.68,27.813184713375797,14.33,35.81,12.294458598726115,5.17,20.73,35.919936305732485,11.52,79.29,17.093503184713374,5.54,27.52,2.2895541401273887,1.08,5.39,21.720000000000002,0.138343949044586,0.0,8.11,17.376,0.1106751592356688,0.0,6.4879999999999995,8.782910600910771,4.215652100165225,15.583620313232775,0.028063463204999296,5,2,2,0,720.2647933509994,4.587673842999997,0.8112987583890381,8.916863169952238,9.660852579948678,0.061534092865915144,0.0,1.947817377182139,710.6039407710507,4.526139750134081,0.0,8.916863169952238,0.0,0.0,0.0,702.8887933509994,0.013412917956189414,0.9865870820438105,18.29,16.0,16.0,292.64,455.19,133206.8,0.0,0.0,0.0
Sonora,Mazatán,37,Mazatán,145,Cebada forrajera en verde,2015,2016,28.931204,-110.356087,465.0,711.6357830038927,4.532711993655368,1.4665370062258276,8.377175187339914,19.877229299363055,7.975,27.005,27.279745222929936,13.99,37.36,12.474713375796176,1.57,20.65,43.65082802547771,18.21,85.65,16.738662420382166,4.14,26.53,2.239108280254777,1.17,5.26,104.70000000000002,0.6668789808917198,0.0,23.75,83.76,0.5335031847133759,0.0,19.0,8.94374958298718,3.8123452818378283,15.695930829426338,0.14712582264771712,10,7,2,4,662.3647544238158,4.218883786138955,1.0147189290589946,8.722652819431746,28.79986731986373,0.1834386453494505,0.0,3.946884929858663,633.5648871039521,4.035445140789504,0.0,8.722652819431746,0.0,0.0,0.0,578.6047544238158,0.043480374110359224,0.9565196258896407,18.1,12.0,12.0,217.2,470.0,102084.0,0.0,0.0,0.0
Sonora,Mazatán,37,Mazatán,145,Cebada forrajera en verde,2016,2017,28.931204,-110.356087,465.0,765.1864851967341,4.842952437954013,1.8616131781834313,8.965782445044404,18.956962025316454,7.56,26.44,27.197468354430377,14.46,36.85,10.716455696202532,0.18,16.93,37.87949367088608,13.64,78.63,17.738354430379747,4.06,27.99,2.2974683544303796,1.0,4.13,52.650000000000006,0.3332278481012659,0.0,8.23,42.120000000000005,0.2665822784810127,0.0,6.5840000000000005,9.092564723878244,3.730903778118033,15.711800255863263,0.06880675628564371,12,5,7,12,711.2048470007253,4.501296500004591,0.7470185290356283,8.069204200539964,25.060789946650747,0.15861259459905536,0.0,3.263190071113829,686.1440570540744,4.342683905405535,0.0,8.069204200539964,0.0,0.0,0.0,669.0848470007253,0.03523709104674478,0.9647629089532551,18.0,11.0,11.0,198.0,500.33,99065.34,0.0,0.0,0.0
Sonora,Mazatán,37,Mazatán,145,Cebada forrajera en verde,2017,2018,28.931204,-110.356087,465.0,743.1678560088237,4.733553222986139,1.6425765525352813,8.35602982658016,20.168757961783438,11.665000000000001,29.23,27.85605095541401,16.87,37.95,12.481464968152865,3.69,21.65,40.433694267515925,18.07,81.1,17.266496815286622,3.04,27.84,2.2248407643312107,0.7,5.79,80.75,0.5143312101910829,0.0,25.66,64.60000000000001,0.4114649681528663,0.0,20.528000000000002,9.040755759841819,3.32870206455705,16.053403097496233,0.10865647558233633,9,5,11,1,672.4894710774183,4.283372427244703,1.2055621024043586,7.520426843922144,22.688413704893843,0.1445121892031455,0.0,3.7040675528435525,649.8010573725245,4.138860238041557,0.0,7.520426843922144,0.0,0.0,0.0,607.8894710774183,0.03373794636300247,0.9662620536369976,18.5,9.0,9.0,166.5,520.0,86580.0,0.0,0.0,0.0
Sonora,Mazatán,37,Mazatán,145,Cebada forrajera en verde,2018,2019,28.931204,-110.356087,465.0,793.9416292760351,5.056953052713599,1.755534399148938,8.825389472641593,21.2712101910828,11.530000000000001,28.9,29.097197452229302,16.49,37.54,13.445222929936307,2.33,21.25,32.766050955414016,13.07,83.58,16.963312101910827,3.7,28.08,2.2225477707006367,0.89,5.45,30.89,0.1967515923566879,0.0,25.17,24.712000000000003,0.15740127388535033,0.0,20.136000000000003,8.618658571020287,3.5550122438490357,15.54886460821768,0.03890714236532402,2,1,14,1,736.2645894190536,4.689583372095883,1.2316283861552544,8.297497635708975,6.594864559021279,0.04200550674535847,0.0,2.018864559021279,729.6697248600323,4.647577865350524,0.0,8.297497635708975,0.0,0.0,0.0,711.5525894190536,0.008957193723284898,0.991042806276715,17.88,8.0,8.0,143.0,570.0,81510.0,0.0,0.0,0.0
Sonora,Mazatán,37,Mazatán,145,Cebada forrajera en verde,2019,2020,28.931204,-110.356087,465.0,645.4624863755846,4.111226027869965,1.0087150904871205,8.031680159444408,17.893439490445857,8.3,24.28,25.278789808917196,12.61,34.75,10.508089171974522,1.35,18.73,46.61184713375796,24.98,86.96,16.383694267515924,3.87,27.3,2.132356687898089,0.89,5.6,79.28999999999999,0.5050318471337579,0.0,23.46,63.432,0.40402547770700636,0.0,18.768,8.850912931257014,3.5674559411992846,15.833278021003407,0.1228421506650696,9,3,0,10,593.1938191666131,3.7783045806790647,0.9013258237154321,7.228512143499967,18.50086807791645,0.11783992406316211,0.0,2.706853207212324,574.6929510886966,3.6604646566159023,0.0,7.228512143499967,0.0,0.0,0.0,529.7618191666131,0.031188571896970534,0.9688114281030294,18.6,12.0,12.0,223.2,628.14,140200.85,0.0,0.0,0.0
Sonora,Mazatán,37,Mazatán,145,Cebada forrajera en verde,2022,2023,28.931204,-110.356087,465.0,732.9301410086975,4.668344847189156,1.9014762246428407,9.781983343377762,19.185127388535037,9.25,26.580000000000002,27.080955414012735,17.56,37.44,11.289299363057326,0.94,18.21,38.93554140127389,7.97,82.6,17.796369426751593,7.49,27.5,2.1554777070063693,1.28,4.98,70.7,0.45031847133757963,0.0,37.63,56.56,0.3602547770700637,0.0,30.104000000000003,9.167851238958546,4.888028383842856,15.878214996305555,0.09646212653050247,6,4,3,3,667.6682540587573,4.252664038590811,1.0803455675629938,8.803785009039986,15.030629486152588,0.09573649354237317,0.0,3.6646771087199443,652.6376245726046,4.156927545048437,0.0,8.803785009039986,0.0,0.0,0.0,611.1082540587572,0.022512122442217893,0.977487877557782,18.6,12.0,12.0,223.2,710.0,158472.0,0.0,0.0,0.0
Sonora,Mazatán,37,Mazatán,145,Cebada forrajera en verde,2023,2024,28.931204,-110.356087,465.0,662.942100370361,4.222561148855802,1.5749363334124626,8.478911665632141,17.342707006369427,9.415000000000001,24.035,24.824267515923566,16.31,33.24,9.861146496815286,1.19,18.37,43.922611464968156,16.07,79.64,16.938343949044583,3.4,28.22,2.222611464968153,1.22,4.69,45.89,0.29229299363057326,0.0,12.12,36.712,0.23383439490445862,0.0,9.696,8.935148784224737,3.7248938516045484,15.943919963033398,0.06922173139156945,7,4,0,8,615.4306816005709,3.9199406471373943,0.8521035296256395,7.631020499068928,13.650721386398919,0.08694726997706317,0.0,2.458827312318777,601.779960214172,3.832993377160331,0.0,7.631020499068928,0.0,0.0,0.0,578.7186816005709,0.02218076185427908,0.9778192381457209,18.0,15.0,15.0,270.0,814.47,219906.9,0.0,0.0,0.0
Sonora,Mazatán,37,Mazatán,145,Maíz forrajero en verde,2010,2011,28.931204,-110.356087,465.0,1320.0747705804295,8.199222177518195,3.8659799231196703,11.763914856273571,28.366770186335405,16.355,36.165,36.02714285714286,21.96,44.86,20.706397515527954,8.92,27.8,38.260683229813665,10.46,80.71,26.96919254658385,15.04,31.9,2.56527950310559,0.94,5.28,235.29000000000002,1.4614285714285715,0.0,35.07,188.232,1.169142857142857,0.0,28.056,16.701993552097374,10.658182415926268,19.521631580782064,0.1782399037113211,31,10,97,0,1345.4466300003085,8.356811366461542,1.5979458572945717,14.116697827528284,97.15586635281193,0.6034525860423101,0.0,7.169507662051193,1248.2907636474965,7.753358780419233,0.0,14.116697827528284,971.5586635281193,12482.907636474965,13454.466300003085,1157.2146300003085,0.07221086603248592,0.9277891339675141,19.33,7.0,7.0,135.34,390.0,52782.91,73.79860718025972,948.1889583345967,1021.9875655148564
Sonora,Mazatán,37,Mazatán,145,Maíz forrajero en verde,2011,2012,28.931204,-110.356087,465.0,1345.5767475238856,8.357619549837798,3.526694975610882,13.275245286897697,28.81214285714286,15.79,37.095,36.602360248447205,22.69,45.8,21.021925465838507,8.15,28.39,36.93204968944099,6.59,74.84,26.952546583850935,11.39,32.54,2.5175155279503105,1.0,5.9,227.63,1.4138509316770187,0.0,29.21,182.10400000000004,1.1310807453416152,0.0,23.368000000000002,16.60705625078189,8.53927866916981,19.50599768754457,0.1691690945305662,27,13,105,0,1346.6229559824947,8.364117739021706,1.5690613139290455,15.930294344277236,117.0676683413799,0.7271283747911795,0.0,9.032,1229.5552876411145,7.6369893642305255,0.0,15.930294344277236,1170.676683413799,12295.552876411146,13466.229559824946,1164.5189559824946,0.08693425863661106,0.9130657413633888,20.1,5.0,5.0,100.5,385.02,38694.51,86.07916789807345,904.0847703243488,990.1639382224223
Sonora,Mazatán,37,Mazatán,145,Maíz forrajero en verde,2012,2013,28.931204,-110.356087,465.0,1281.4363630226367,7.9592320684635816,3.4182686159255984,11.722488577743167,28.549161490683236,16.955,34.85,35.984161490683235,23.72,45.42,21.11416149068323,7.74,27.24,39.86260869565217,7.07,89.39,26.36428571428571,8.7,31.96,2.330310559006211,0.87,4.3,304.1,1.8888198757763976,0.0,32.9,182.46,1.1332919254658385,0.0,19.74,16.3222897620226,6.96282781784201,19.236678460744145,0.23731182349367128,45,18,97,0,1279.056650949673,7.944451248134615,1.8466702603085596,14.0669862932918,141.40263279809642,0.878277222348425,0.0,9.132856242049613,1137.6540181515766,7.06617402578619,0.0,14.0669862932918,1414.0263279809642,11376.540181515766,12790.56650949673,1096.596650949673,0.11055228296034261,0.8894477170396574,19.7,4.0,4.0,78.8,400.0,31520.0,104.74269096155291,842.706680112279,947.4493710738318
Sonora,Mazatán,37,Mazatán,145,Maíz forrajero en verde,2013,2014,28.931204,-110.356087,465.0,1332.4399375849243,8.27602445704922,3.1344099248430046,11.863986225638488,28.84583850931677,17.115000000000002,36.644999999999996,36.44416149068323,24.35,44.33,21.247515527950313,9.88,28.96,38.83186335403727,5.57,84.46,26.658260869565222,12.05,31.99,2.5810559006211182,0.81,4.83,269.71000000000004,1.675217391304348,0.0,31.68,161.826,1.0051304347826087,0.0,19.008,16.555139206579188,8.852572547570082,19.33749680331751,0.20241812962230413,37,18,110,0,1333.2575938895131,8.281103067636728,1.8426103048366784,14.236783470766186,117.49998559569448,0.7298135751285372,0.0,7.708870202008477,1215.7576082938187,7.551289492508191,0.0,14.236783470766186,1174.9998559569449,12157.576082938187,13332.575938895132,1171.4315938895131,0.08812999538439657,0.9118700046156035,19.63,4.0,4.0,78.52,457.75,35942.53,87.65384975434128,906.943385523177,994.5972352775183
Sonora,Mazatán,37,Mazatán,145,Maíz forrajero en verde,2014,2015,28.931204,-110.356087,465.0,1304.4520099517617,8.102186397215911,4.087323714598432,13.499223916406663,28.894720496894404,17.47,37.68,36.23844720496894,23.87,47.97,21.550993788819877,9.57,27.39,40.18422360248447,6.58,77.11,25.93770186335404,8.87,31.68,2.4993167701863355,0.92,4.05,223.41,1.387639751552795,0.0,22.54,178.728,1.1101118012422362,0.0,18.032,16.20924416143223,7.241854222444917,19.637448904767773,0.1712673201433157,38,15,96,0,1307.2295900294316,8.119438447387774,1.4462620995509978,16.199068699687995,140.76290408999972,0.8743037521117996,0.0,6.585500120338455,1166.466685939432,7.245134695275975,0.0,16.199068699687995,1407.629040899997,11664.66685939432,13072.295900294317,1128.5015900294316,0.10768032269437117,0.8923196773056289,19.62,5.0,5.0,98.1,465.0,45616.5,103.50213536029389,857.6960926025234,961.1982279628173
Sonora,Mazatán,37,Mazatán,145,Maíz forrajero en verde,2015,2016,28.931204,-110.356087,465.0,1165.241241578649,7.2375232396189375,2.4423219325172765,11.956598276778191,27.772950310559004,17.575,34.665,34.51093167701863,21.83,43.08,21.03496894409938,11.56,27.1,47.95068322981367,12.03,86.76,25.431242236024843,7.03,31.98,2.292919254658385,0.54,4.2,348.09000000000003,2.162049689440994,0.0,42.05,208.85399999999998,1.297229813664596,0.0,25.229999999999997,16.310487917492637,6.244017405119242,19.781655348139928,0.2987278407074003,44,20,70,0,1170.0961763671144,7.2676781140814555,1.3122595818790146,14.347917932133829,137.13557478191063,0.8517737564093828,0.0,6.5332855386619055,1032.9606015852037,6.415904357672073,0.0,14.347917932133829,1371.3557478191065,10329.606015852038,11700.961763671145,961.2421763671143,0.11720025887759566,0.8827997411224043,19.8,3.0,3.0,59.4,470.0,27918.0,100.39207524297997,756.1937054064449,856.5857806494249
Sonora,Mazatán,37,Mazatán,145,Maíz forrajero en verde,2016,2017,28.931204,-110.356087,465.0,1292.8103298258898,8.029877825005526,2.3410296167769244,13.444342276290492,28.612360248447207,18.56,36.324999999999996,36.37248447204969,26.07,47.12,20.85223602484472,9.58,28.24,40.612484472049694,8.73,79.81,26.830186335403727,4.62,32.04,2.4527950310559006,0.75,5.96,292.59000000000003,1.817329192546584,0.0,33.06,175.554,1.0903975155279504,0.0,19.836000000000002,16.812165370362816,4.318830236601995,19.28311811922775,0.22632090203007954,33,15,106,0,1298.134236638518,8.062945569183341,1.6828812949394334,16.13321073154859,114.19162251476213,0.709264736116535,0.0,8.089315890728141,1183.942614123756,7.353680833066806,0.0,16.13321073154859,1141.9162251476214,11839.42614123756,12981.34236638518,1122.5802366385178,0.08796595859797837,0.9120340414020217,19.2,2.0,2.0,38.4,490.0,18816.0,88.76146328391927,920.281860959002,1009.0433242429212
Sonora,Mazatán,37,Mazatán,145,Maíz forrajero en verde,2017,2018,28.931204,-110.356087,465.0,1276.876572696656,7.930910389420224,3.3684322974359375,11.325169938355476,28.802546583850926,17.43,35.55,36.29273291925466,22.79,44.79,21.312360248447206,10.18,27.69,41.345341614906836,7.48,85.84,26.475031055900622,9.4,31.84,2.326770186335404,0.86,4.93,329.34999999999997,2.045652173913043,0.0,31.27,197.61,1.2273913043478262,0.0,18.762,16.485044563573016,7.217246494189263,19.126390592141966,0.2579340924898015,40,22,111,0,1261.4933521062326,7.8353624354424385,1.85617364336269,13.287277440683662,147.61545081740536,0.9168661541453749,0.0,7.647145578177653,1113.8779012888272,6.918496281297063,0.0,13.287277440683662,1476.1545081740537,11138.779012888272,12614.933521062325,1063.8833521062325,0.11701643181150463,0.8829835681884953,7.28,18.0,18.0,131.0,550.0,72050.0,202.76847639753484,1530.0520622099273,1732.8205386074621
Sonora,Mazatán,37,Mazatán,145,Maíz forrajero en verde,2018,2019,28.931204,-110.356087,465.0,1321.0575773551418,8.20532656742324,3.2789474198485222,12.209868314439053,29.36360248447205,19.705,36.93,36.65006211180124,25.58,45.67,22.077142857142857,12.22,29.73,39.77068322981366,6.66,78.31,26.324161490683235,7.83,31.77,2.43472049689441,0.89,4.59,246.22000000000003,1.5293167701863355,0.0,20.69,196.976,1.2234534161490682,0.0,16.552000000000003,16.365670182750716,6.483919054707914,19.691916362370648,0.1863809755309464,35,20,105,0,1312.4097242418375,8.15161319404868,1.9124311283346047,14.651841977326862,138.89395704539425,0.8626953853751196,0.0,7.235883304492613,1173.5157671964434,7.2889178086735615,0.0,14.651841977326862,1388.9395704539425,11735.157671964434,13124.097242418376,1115.4337242418374,0.10583124650774096,0.8941687534922592,7.31,16.0,16.0,117.0,570.0,66690.0,190.0054131947938,1605.3567266709213,1795.362139865715
Sonora,Mazatán,37,Mazatán,145,Maíz forrajero en verde,2019,2020,28.931204,-110.356087,465.0,1286.354742416988,7.9897810088011685,3.397514405204595,12.057641233191676,28.42503105590062,19.215,36.16,35.8472049689441,25.2,45.37,21.002857142857142,11.06,28.31,40.85149068322981,12.16,87.46,26.666024844720493,12.44,32.21,2.4662732919254653,0.62,4.37,251.65999999999997,1.5631055900621116,0.0,30.92,150.996,0.9378633540372672,0.0,18.552,16.677504146177544,9.209436412045715,19.328828508245255,0.1956381017627727,32,16,94,0,1289.6771418007502,8.010417029818324,1.9013782562623192,14.469169479830011,101.64126286059565,0.6313121916807183,0.0,7.709760467823102,1188.0358789401548,7.379104838137607,0.0,14.469169479830011,1016.4126286059565,11880.358789401547,12896.771418007504,1138.68114180075,0.07881140137032747,0.9211885986296727,7.6,20.0,20.0,152.0,580.0,88160.0,133.73850376394165,1563.2051038686247,1696.9436076325665
Sonora,Mazatán,37,Mazatán,145,Maíz forrajero en verde,2020,2021,28.931204,-110.356087,465.0,1354.7354508609137,8.414505905968408,3.6651674333237874,11.584966302589619,29.8994099378882,16.685,36.01,37.58391304347826,23.13,44.58,22.214906832298137,9.6,28.56,38.8495652173913,13.14,76.11,26.9560248447205,12.46,32.03,2.5324223602484475,1.02,4.3,129.69,0.805527950310559,0.0,15.88,103.75200000000001,0.6444223602484472,0.0,12.704,16.919088042269976,9.121453217559614,19.268500610969248,0.09573086754139636,27,10,120,0,1388.401201501933,8.623609947216975,1.4313078546972309,13.901959563107543,90.68485618014552,0.5632599762741958,0.0,8.419695737823536,1297.7163453217877,8.06034997094278,0.0,13.901959563107543,906.8485618014552,12977.163453217876,13884.01201501933,1284.649201501933,0.06531603118900013,0.934683968811,7.5,25.0,20.0,150.0,610.0,91500.0,120.91314157352735,1730.28846042905,1851.2016020025774
Sonora,Mazatán,37,Mazatán,145,Maíz forrajero en verde,2021,2022,28.931204,-110.356087,465.0,1272.7039333026023,7.904993374550325,3.046480827959893,12.186621821510732,28.796149068322983,19.5,36.815,35.941118012422365,26.64,45.8,21.651180124223604,11.55,27.83,42.971739130434784,9.48,84.09,26.230372670807455,11.54,31.89,2.3971428571428572,0.73,4.85,391.27,2.430248447204969,0.0,40.24,234.76199999999997,1.4581490683229812,0.0,24.144000000000002,16.448228280163676,8.515523760490092,19.30455092499137,0.30743206629736275,47,19,98,0,1259.7617029065673,7.8246068503513495,2.095016500167506,14.623946185812878,148.09681941123935,0.9198560211878221,0.0,8.257100685738958,1111.6648834953278,6.904750829163526,0.0,14.623946185812878,1480.9681941123936,11116.648834953277,12597.61702906567,1024.9997029065673,0.11755939164490004,0.8824406083550999,6.5,15.0,15.0,97.5,705.0,68737.5,227.84126063267593,1710.2536669158887,1938.0949275485646
Sonora,Mazatán,37,Mazatán,145,Maíz forrajero en verde,2022,2023,28.931204,-110.356087,465.0,1225.7933643239326,7.6136233808939915,2.313337383161842,12.021908417662473,28.634254658385093,20.91,35.355000000000004,35.73726708074535,28.14,45.1,21.531242236024845,11.73,27.62,45.02863354037267,4.86,87.62,25.443167701863356,7.25,32.1,2.342422360248447,0.9,4.41,422.11,2.621801242236025,0.0,31.21,253.266,1.573080745341615,0.0,18.726,16.02493471261828,5.882420698954592,19.36475756234836,0.34435657125033325,55,27,93,0,1207.8315086142766,7.502059059716004,1.8655605360702003,14.426290101194967,181.62538273236066,1.1281079672817433,0.0,7.667999999999999,1026.2061258819158,6.373951092434259,0.0,14.426290101194967,1816.2538273236066,10262.061258819158,12078.315086142764,954.5655086142766,0.1503731120085915,0.8496268879914084,14.2,1.0,1.0,14.2,835.0,11857.0,161.44478465098726,912.1832230061474,1073.6280076571347
Sonora,Mazatán,37,Mazatán,145,Maíz forrajero en verde,2023,2024,28.931204,-110.356087,465.0,1419.3234881794494,8.81567383962391,4.41190922041839,12.004074665520976,30.008664596273288,17.560000000000002,37.69,38.05913043478261,25.48,47.96,21.958198757763977,7.87,29.43,32.236211180124215,8.14,72.01,27.024844720496894,12.38,31.51,2.64944099378882,1.17,4.78,99.25999999999999,0.6165217391304347,0.0,14.61,79.40799999999999,0.4932173913043477,0.0,11.688,16.610351689048766,9.098214331032136,19.02144289774118,0.06993472652757948,24,5,120,0,1422.8172401864172,8.837374162648555,2.0900159682403756,14.404889598625171,68.01241391691431,0.4224373535212069,0.0,8.028763185542177,1354.8048262695029,8.414936809127347,0.0,14.404889598625171,680.1241391691431,13548.048262695029,14228.172401864173,1343.4092401864173,0.04780122983890984,0.9521987701610902,14.0,5.0,5.0,70.0,850.0,59500.0,62.140168037381734,1237.8299006573804,1299.9700686947622
Sonora,Mazatán,37,Mazatán,145,Sorgo forrajero en verde,2010,2011,28.931204,-110.356087,465.0,1247.1991663422305,8.259597128094242,3.5789841606868342,11.763914856273571,25.728940397350993,13.379999999999999,36.165,34.08384105960265,19.91,44.86,17.374039735099338,5.2,27.8,31.67099337748344,10.46,77.15,27.169536423841055,10.5,31.9,2.803046357615894,1.37,5.28,100.86999999999999,0.6680132450331125,0.0,34.96,80.69600000000001,0.5344105960264901,0.0,27.968000000000004,16.171094069410504,7.275433121407287,19.521631580782064,0.0808772189094948,13,6,69,0,1101.089657320034,7.291984485563138,1.0736952482060502,10.87149423025559,38.93745864334067,0.2578639645254349,0.0,5.184000000000001,1062.1521986766932,7.034120521037703,0.0,10.87149423025559,389.3745864334067,10621.521986766931,11010.896573200338,1020.3936573200339,0.035362659511407456,0.9646373404885925,33.07,34.0,34.0,1124.27,421.26,473611.92,18.379730301317284,501.36993093070237,519.7496612320197
Sonora,Mazatán,37,Mazatán,145,Sorgo forrajero en verde,2011,2012,28.931204,-110.356087,465.0,1301.7367558979277,8.62077321786707,4.751736394922504,13.275245286897697,26.649437086092714,15.79,37.095,35.272913907284774,22.69,45.8,18.025960264900664,8.15,28.39,28.903907284768216,6.59,72.32,27.54231788079471,13.53,32.54,2.7454966887417216,1.15,5.9,113.32000000000001,0.7504635761589404,0.0,26.03,90.656,0.6003708609271523,0.0,20.824,16.196006550021426,9.914066142468458,19.50599768754457,0.08705293100664795,12,7,76,0,1133.5534517476272,7.506976501639915,1.4917627578119625,13.275245286897697,53.44210401094509,0.3539212186155304,0.0,9.032,1080.111347736682,7.1530552830243845,0.0,13.275245286897697,534.4210401094508,10801.11347736682,11335.534517476272,1042.8974517476272,0.04714564092990241,0.9528543590700976,34.2,37.0,37.0,1265.4,425.03,537832.96,24.402787219609625,493.2015286468867,517.6043158664963
Sonora,Mazatán,37,Mazatán,145,Sorgo forrajero en verde,2012,2013,28.931204,-110.356087,465.0,1250.6931235693023,8.282735917677499,2.8045394798372474,11.722488577743167,26.437847682119205,12.74,34.85,34.82496688741722,16.28,45.42,18.05072847682119,5.64,27.11,29.86576158940397,7.07,75.97,26.74940397350993,8.7,31.96,2.6202649006622516,1.19,4.59,123.23,0.8160927152317881,0.0,15.65,98.58400000000003,0.6528741721854306,0.0,12.520000000000001,15.812003027697846,6.96282781784201,19.236678460744145,0.09852936557955873,24,8,76,0,1100.5454862096033,7.288380703374856,0.8413618439511742,11.562318505419528,75.80069036139761,0.5019913268966729,0.0,6.469106504785143,1024.7447958482057,6.7863893764781835,0.0,11.562318505419528,758.0069036139762,10247.447958482058,11005.454862096034,1001.9614862096032,0.06887556335582577,0.9311244366441743,33.8,35.0,35.0,1183.0,450.0,532350.0,34.77095888137506,470.06642011385594,504.837378995231
Sonora,Mazatán,37,Mazatán,145,Sorgo forrajero en verde,2013,2014,28.931204,-110.356087,465.0,1289.387984390325,8.538993274108114,3.9315485519132607,11.863986225638488,26.985827814569543,13.51,36.644999999999996,35.35761589403973,20.4,44.33,18.61403973509934,6.62,28.96,31.08867549668875,5.57,77.06,27.112251655629137,14.82,31.99,2.797483443708609,1.02,4.83,101.13000000000001,0.6697350993377484,0.0,21.39,80.904,0.5357880794701987,0.0,17.112000000000002,16.13143405820768,9.893529310004116,19.33749680331751,0.07843255965179353,13,7,83,0,1125.220434805956,7.451790958979841,1.3880378144370848,11.79670073601712,45.31722789343003,0.30011409200947037,0.0,5.896000000000001,1079.903206912526,7.151676866970371,0.0,11.79670073601712,453.17227893430027,10799.03206912526,11252.20434805956,1044.316434805956,0.04027408896217297,0.959725911037827,33.67,42.0,42.0,1414.14,470.45,665282.16,21.04352351680057,501.4642242454265,522.507747762227
Sonora,Mazatán,37,Mazatán,145,Sorgo forrajero en verde,2014,2015,28.931204,-110.356087,465.0,1258.891616624612,8.337030573672926,4.361539887049406,13.499223916406663,27.155264900662257,17.47,37.68,35.12119205298014,23.87,47.97,19.189337748344368,9.57,27.39,32.63,6.58,77.11,26.341523178807947,8.87,31.68,2.681324503311258,1.08,5.39,110.55999999999997,0.732185430463576,0.0,22.54,88.44800000000002,0.5857483443708611,0.0,18.032,15.831999929499407,7.241854222444917,19.637448904767773,0.0878232871996063,15,7,72,0,1108.9579327147806,7.3440922696343085,1.4032796215728134,13.499223916406663,52.36953050283506,0.3468180828002322,0.0,5.035598068175404,1056.5884022119453,6.997274186834075,0.0,13.499223916406663,523.6953050283506,10565.884022119453,11089.579327147803,1020.5099327147806,0.047224091156128904,0.952775908843871,33.75,34.0,34.0,1147.5,500.0,573750.0,24.133424194854868,486.9070977935232,511.04052198837803
Sonora,Mazatán,37,Mazatán,145,Sorgo forrajero en verde,2015,2016,28.931204,-110.356087,465.0,1112.6412662084253,7.368485206678313,1.9290957308971284,11.956598276778191,25.95920529801324,15.059999999999999,33.315,33.302582781456955,19.38,41.86,18.615827814569535,9.63,27.1,42.03238410596026,12.03,83.7,25.526754966887413,7.03,31.98,2.526887417218543,0.94,4.51,224.23000000000002,1.4849668874172186,0.0,29.39,179.38400000000001,1.187973509933775,0.0,23.512,15.878139767529476,5.931026578838716,19.781655348139928,0.20152946579458986,28,14,52,0,984.2910290603512,6.518483636161267,0.5787287192691385,11.956598276778191,92.81464878154718,0.6146665482221667,0.0,6.6946090783084395,891.4763802788041,5.9038170879391,0.0,11.956598276778191,928.1464878154718,8914.76380278804,9842.910290603511,804.9070290603512,0.09429594097809897,0.9057040590219011,33.53,32.0,32.0,1073.0,480.0,515040.0,43.03948471205526,413.3903919679128,456.42987667996806
Sonora,Mazatán,37,Mazatán,145,Sorgo forrajero en verde,2016,2017,28.931204,-110.356087,465.0,1235.299176835077,8.180789250563425,2.9425009256908097,13.444342276290492,26.817284768211927,12.440000000000001,36.324999999999996,35.18774834437086,15.74,47.12,18.44682119205298,7.72,28.24,33.59827814569537,8.73,75.65,27.03827814569536,12.05,32.04,2.604569536423841,1.15,4.0,145.37000000000003,0.9627152317880797,0.0,22.82,116.29599999999999,0.7701721854304635,0.0,18.256,16.325028938672702,8.458328845377707,19.28311811922775,0.11767999422815786,19,9,78,0,1080.9325636936194,7.158493799295493,0.8827502777072429,13.444342276290492,69.7112201514786,0.4616637096124411,0.0,6.752,1011.2213435421409,6.696830089683052,0.0,13.444342276290492,697.112201514786,10112.213435421409,10809.325636936195,964.6365636936193,0.0644917384237835,0.9355082615762166,33.79,19.0,19.0,642.0,500.0,321000.0,32.60580923829682,472.97537116096396,505.5811803992608
Sonora,Mazatán,37,Mazatán,145,Sorgo forrajero en verde,2017,2018,28.931204,-110.356087,465.0,1241.5517578146748,8.222197071620363,3.3684322974359375,11.325169938355476,27.372284768211923,17.43,35.55,35.57675496688742,22.79,44.79,19.167814569536425,9.33,27.69,33.019072847682125,7.48,85.84,26.848609271523177,13.28,31.84,2.544437086092715,1.28,4.93,180.19999999999996,1.1933774834437083,0.0,26.67,144.16,0.9547019867549669,0.0,21.336000000000002,16.035560032486217,8.364937847030827,19.126390592141966,0.14514094870855818,21,13,88,0,1089.3735197543215,7.21439417055842,1.2753043817365242,11.325169938355476,82.54664619553576,0.5466665310962633,0.0,5.954623806509272,1006.8268735587856,6.667727639462156,0.0,11.325169938355476,825.4664619553575,10068.268735587855,10893.735197543212,945.2135197543215,0.07577441960784204,0.9242255803921579,33.43,12.0,12.0,401.2,540.0,216648.0,38.727021438205846,472.3560279421936,511.0830493803994
Sonora,Mazatán,37,Mazatán,145,Sorgo forrajero en verde,2018,2019,28.931204,-110.356087,465.0,1293.1251353379703,8.563742618132254,3.5484647000126435,12.209868314439053,27.82066225165563,16.795,36.93,36.055165562913906,22.07,45.67,19.586158940397354,6.36,29.73,29.13132450331126,6.66,75.43,26.49980132450331,7.83,31.77,2.679139072847682,1.06,4.59,79.01,0.5232450331125829,0.0,16.54,63.208,0.4185960264900662,0.0,13.232,15.755916820110325,6.483919054707914,19.691916362370648,0.06110004193782066,12,6,94,0,1141.533503254627,7.559824524865079,1.3163755801775001,12.209868314439053,39.43095222983811,0.26113213397243784,0.0,4.814431508635712,1102.1025510247887,7.29869239089264,0.0,12.209868314439053,394.3095222983811,11021.025510247888,11415.335032546269,1078.325503254627,0.03454208931881236,0.9654579106811875,33.0,16.0,16.0,528.0,570.0,300960.0,18.599505768791563,519.8596938796173,538.4591996484089
Sonora,Mazatán,37,Mazatán,145,Sorgo forrajero en verde,2019,2020,28.931204,-110.356087,465.0,1208.4494065097226,8.002976202051142,2.630972188324933,12.057641233191676,26.10788079470199,14.334999999999999,36.16,34.17059602649006,18.1,45.37,18.04516556291391,7.02,28.31,34.71701986754967,12.16,72.57,26.682251655629138,5.59,32.21,2.6171523178807945,1.11,4.37,115.74000000000001,0.7664900662251656,0.0,30.92,92.592,0.6131920529801325,0.0,24.736000000000004,16.16936157531341,5.016143209902522,19.328828508245255,0.09577562732583361,13,6,65,0,1069.7860067166198,7.084675541169667,0.7892916564974798,10.400506308413703,43.59077874544093,0.28868065394331743,0.0,5.461080331374697,1026.195227971179,6.795994887226351,0.0,10.400506308413703,435.9077874544093,10261.95227971179,10697.860067166199,977.1940067166198,0.040747194739655886,0.9592528052603443,30.0,20.0,20.0,600.0,600.0,360000.0,22.183602414982662,522.2367572372412,544.420359652224
Sonora,Mazatán,37,Mazatán,145,Sorgo forrajero en verde,2020,2021,28.931204,-110.356087,465.0,1190.9082110475665,7.886809344685871,1.8196804313231032,11.584966302589619,26.72367549668874,12.155,35.87,34.60841059602649,16.72,44.58,18.838940397350996,5.82,28.56,38.25437086092716,13.14,82.24,26.139403973509935,4.88,32.03,2.5480794701986755,1.21,4.3,156.66000000000003,1.0374834437086093,0.0,35.52,125.328,0.8299867549668875,0.0,28.416000000000004,16.085617978741606,4.504944830199427,19.268500610969248,0.13154666207414603,22,8,87,0,1065.6035604275194,7.0569772213743,0.5459041293969309,11.584966302589619,55.60184501175755,0.3682241391507122,0.0,6.128,1010.001715415762,6.688753082223589,0.0,11.584966302589619,556.0184501175754,10100.01715415762,10656.035604275196,940.2755604275194,0.05217873426534923,0.9478212657346509,32.5,20.0,20.0,650.0,650.0,422500.0,28.513766672696175,517.9495976491087,546.4633643218049
Sonora,Mazatán,37,Mazatán,145,Sorgo forrajero en verde,2021,2022,28.931204,-110.356087,465.0,1237.856254015128,8.197723536524025,3.735590142710829,12.186621821510732,26.654337748344368,13.035,36.815,34.64927152317881,20.28,45.8,18.65940397350993,5.79,27.83,33.02331125827815,9.48,81.52,26.59298013245033,12.64,31.89,2.660860927152318,0.74,4.85,166.76,1.1043708609271523,0.0,40.24,133.40800000000002,0.8834966887417219,0.0,32.192,15.944109003249686,8.02920502544401,19.30455092499137,0.13471677301713741,20,8,80,0,1091.4310063043263,7.228019909300174,1.4417157363787325,12.186621821510732,68.44970636164828,0.4533093136532999,0.0,5.848779652398429,1022.981299942678,6.774710595646874,0.0,12.186621821510732,684.4970636164828,10229.81299942678,10914.310063043264,958.0230063043263,0.06271555963342523,0.9372844403665748,32.0,95.0,95.0,3040.0,690.13,2097995.2,34.57055876850923,516.6572221932717,551.2277809617809
Sonora,Mazatán,37,Mazatán,145,Sorgo forrajero en verde,2022,2023,28.931204,-110.356087,465.0,1239.9137896771622,8.211349600511008,3.803644575439951,12.021908417662473,27.091324503311256,15.535,35.355000000000004,35.36940397350993,23.73,45.1,18.813245033112583,6.4,27.62,32.142980132450326,4.86,76.54,26.72761589403974,13.24,32.1,2.584966887417219,1.22,4.57,137.33,0.9094701986754967,0.0,12.78,109.864,0.7275761589403974,0.0,10.224,15.95836744527446,7.965276456701173,19.36475756234836,0.11075770036863353,24,9,88,0,1089.4947363171495,7.215196929252646,1.3527025840798164,11.62161414598327,82.04489034532375,0.5433436446710183,0.0,7.074274104020332,1007.4498459718258,6.671853284581627,0.0,11.62161414598327,820.4489034532376,10074.498459718257,10894.947363171495,979.6307363171495,0.07530544904022433,0.9246945509597756,30.5,15.0,15.0,457.5,786.45,359800.88,42.291180590373074,519.3040443153741,561.5952249057472
Sonora,Mazatán,37,Mazatán,145,Sorgo forrajero en verde,2023,2024,28.931204,-110.356087,465.0,1283.7696482478852,8.501785749985995,3.724572311279984,12.004074665520976,27.107251655629142,11.520000000000001,37.69,35.48735099337748,18.01,47.96,18.727152317880794,4.62,29.43,29.252582781456955,8.14,58.96,26.830860927152315,10.64,31.51,2.710132450331126,1.22,4.3,35.38,0.2343046357615894,0.0,7.67,28.304,0.1874437086092715,0.0,6.136,16.01531052202671,7.559858333889859,19.02144289774118,0.027559461347514597,13,1,84,1,1133.057882940197,7.503694589007927,1.117371693383995,10.429370190169726,27.96431466028276,0.18519413682306463,0.0,6.136,1105.093568279914,7.318500452184861,0.0,10.429370190169726,279.6431466028276,11050.93568279914,11330.578829401968,1104.753882940197,0.024680393721561285,0.9753196062784385,30.0,120.0,120.0,3600.0,823.06,2963016.0,15.034577774345568,594.1363270322117,609.1709048065574
Sonora,Mazatán,37,Mazatán,145,Alfalfa achicalada,2010,2011,28.931204,-110.356087,465.0,319.8567491933952,4.2086414367552,1.6118343092044218,8.767354553871842,16.148355263157892,11.115,21.605,23.66881578947368,15.45,31.76,8.627894736842107,3.31,12.74,46.22552631578948,19.74,84.74,17.615394736842106,7.12,25.79,2.505394736842105,1.39,7.14,71.83,0.9451315789473684,0.0,23.04,57.464,0.7561052631578947,0.0,18.432,9.365443482673662,5.022596347765571,14.150206067246147,0.22456928040799093,12,3,0,4,272.3208590550688,3.5831691980930107,1.5312425937442007,7.890619098484658,22.361915372834307,0.2942357285899251,0.0,2.2633286600468026,249.95894368223443,3.2889334695030845,0.0,7.890619098484658,223.61915372834306,2499.5894368223444,2723.2085905506874,214.8568590550688,0.08211605769175498,0.9178839423082448,11.5,60.0,60.0,690.0,2089.5,1441755.0,19.445143802464614,217.35560320194298,236.80074700440758
Sonora,Mazatán,37,Mazatán,145,Alfalfa achicalada,2011,2012,28.931204,-110.356087,465.0,404.4910779023523,5.322251025030951,3.063444763133398,9.264336821950922,17.882302631578945,2.67,24.455,26.583684210526314,8.76,35.82,9.18092105263158,-3.42,14.38,26.45671052631579,9.53,55.72,19.150000000000002,8.04,25.07,2.4177631578947363,1.54,6.55,1.01,0.013289473684210526,0.0,0.72,0.808,0.010631578947368422,0.0,0.576,9.290052025828217,4.768891596035175,13.346301047521418,0.002496964840949651,0,0,1,6,356.4528417471323,4.690168970357004,1.2253779052533593,8.337903139755829,0.808,0.010631578947368422,0.0,0.576,355.6448417471324,4.679537391409636,1.2253779052533593,8.337903139755829,8.08,3556.448417471324,3564.528417471324,355.6448417471323,0.00226677951574081,0.9977332204842594,11.7,60.0,60.0,702.0,2300.0,1614600.0,0.6905982905982907,303.9699502112243,304.6605485018226
Sonora,Mazatán,37,Mazatán,145,Alfalfa achicalada,2012,2013,28.931204,-110.356087,465.0,377.02597720541564,4.896441262407995,2.4701836975497855,9.132447461071102,17.712467532467528,11.725,23.43,26.239870129870127,17.07,33.01,9.185064935064934,4.47,14.54,35.15935064935066,12.6,62.37,18.554155844155844,5.92,25.55,2.325714285714286,0.99,4.59,8.59,0.11155844155844155,0.0,4.47,6.872,0.08924675324675324,0.0,3.576,9.456218157002025,4.767411747690809,13.942681655586721,0.022783575985057116,2,0,0,2,324.4813568548302,4.214043595517276,1.4557165744572669,8.219202714963993,6.794674512672296,0.08824252613860126,0.0,3.576,317.68668234215795,4.125801069378674,0.0,8.219202714963993,67.94674512672296,3176.8668234215793,3244.813568548302,317.6093568548302,0.020940107556663624,0.9790598924433365,12.0,60.0,60.0,720.0,2600.0,1872000.0,5.662228760560247,264.73890195179825,270.4011307123585
Sonora,Mazatán,37,Mazatán,145,Alfalfa achicalada,2013,2014,28.931204,-110.356087,465.0,367.6612535382328,4.837648072871485,2.5937214243067115,9.17933295338017,16.556184210526315,6.404999999999999,26.03,24.898026315789473,13.91,37.63,8.214342105263157,-2.45,16.66,34.087763157894734,12.98,73.99,17.930657894736843,5.9,25.28,2.472763157894737,1.33,4.67,24.569999999999997,0.32328947368421046,0.0,12.24,19.656000000000002,0.25863157894736843,0.0,9.792000000000002,9.125507125368317,4.983297473939947,13.822580775145504,0.0668278198030051,3,3,3,16,321.6563974582184,4.232321019187085,1.1580078084975598,8.261399658042153,8.659154939464303,0.11393624920347767,0.0,2.858025211297592,312.9972425187541,4.1183847699836065,0.0,8.261399658042153,86.59154939464302,3129.972425187541,3216.563974582184,302.0003974582184,0.02692051209890543,0.9730794879010946,11.93,60.0,60.0,715.8,2575.0,1843185.0,7.258302547748787,262.3614773837,269.61977993144876
Sonora,Mazatán,37,Mazatán,145,Alfalfa achicalada,2014,2015,28.931204,-110.356087,465.0,401.57176777649056,5.283839049690665,2.4089153700684895,9.907625744391376,20.368223684210523,14.09,25.515,28.633552631578947,20.82,35.81,12.102894736842103,6.8,16.25,29.165263157894735,11.52,57.44,18.014473684210525,5.54,26.03,2.2125,1.08,5.39,0.8,0.010526315789473684,0.0,0.51,0.64,0.008421052631578947,0.0,0.40800000000000003,9.029863823974031,4.438115374767499,13.549914462420686,0.0019921719209236573,0,0,1,0,351.59496126387216,4.626249490314107,0.9635661480273958,8.916863169952238,0.64,0.008421052631578947,0.0,0.40800000000000003,350.9549612638722,4.617828437682529,0.9635661480273958,8.916863169952238,6.4,3509.5496126387216,3515.9496126387216,350.9549612638722,0.001820276370569713,0.9981797236294303,11.95,60.0,60.0,717.0,2656.2,1904495.4,0.5355648535564854,293.6861600534495,294.221724907006
Sonora,Mazatán,37,Mazatán,145,Alfalfa achicalada,2015,2016,28.931204,-110.356087,465.0,338.71068613221956,4.45671955437131,1.4665370062258276,8.377175187339914,19.23078947368421,7.975,22.884999999999998,26.550394736842104,13.99,33.05,11.911184210526315,1.57,16.33,44.91131578947368,18.21,85.65,16.78039473684211,4.14,23.91,2.3007894736842105,1.27,4.51,89.5,1.1776315789473684,0.0,23.75,71.6,0.9421052631578947,0.0,19.0,9.111806846868678,3.8123452818378283,13.68753003707057,0.26423730831173914,8,6,0,3,293.19336748544794,3.8578074669137887,1.0220712548864035,7.539457668605922,20.232895957598874,0.26622231523156414,0.0,3.387061662373867,272.96047152784905,3.5915851516822244,0.0,7.539457668605922,202.32895957598873,2729.6047152784904,2931.9336748544792,221.59336748544794,0.06900870961415283,0.9309912903858472,12.1,30.0,30.0,363.0,2697.52,979199.76,16.721401617850308,225.58716655194135,242.30856816979167
Sonora,Mazatán,37,Mazatán,145,Alfalfa achicalada,2016,2017,28.931204,-110.356087,465.0,401.55759418633914,5.215033690731677,2.056362058533857,7.828773637007813,19.257597402597405,10.785,25.945,27.972467532467533,15.7,36.85,10.542727272727273,2.43,16.93,32.96857142857144,13.64,78.63,18.62233766233766,10.85,25.41,2.333896103896104,1.37,4.13,33.5,0.43506493506493504,0.0,8.23,26.800000000000004,0.3480519480519481,0.0,6.5840000000000005,9.345423174822944,6.487496986153568,13.970525243582607,0.08342514370293451,7,4,4,5,357.4747775761295,4.642529578910772,0.8225448234135428,7.045896273307031,10.013029728893615,0.1300393471284885,0.0,2.6956787543983807,347.46174784723587,4.512490231782284,0.0,7.045896273307031,100.13029728893615,3474.617478472359,3574.747775761295,330.6747775761295,0.028010450966043873,0.9719895490339561,12.0,30.0,30.0,360.0,2695.0,970200.0,8.344191440744678,289.55145653936324,297.8956479801079
Sonora,Mazatán,37,Mazatán,145,Alfalfa achicalada,2017,2018,28.931204,-110.356087,465.0,348.4252425986341,4.584542665771501,1.9045791651520367,7.800648953289716,19.092039473684213,11.665000000000001,28.795,26.889210526315793,16.87,37.95,11.294868421052632,3.69,19.64,43.88526315789474,20.46,81.1,17.593289473684212,4.75,24.81,2.322105263157895,1.32,5.79,55.769999999999996,0.7338157894736842,0.0,25.66,44.61600000000001,0.5870526315789475,0.0,20.528000000000002,9.3857060784369,4.336324635047285,13.333857192710024,0.16006302983117626,6,3,6,1,303.6421842377107,3.9952918978646146,0.7618316660608148,7.020584057960745,12.695177719109486,0.16704181209354588,0.0,2.642999971134549,290.9470065186012,3.8282500857710686,0.0,7.020584057960745,126.95177719109486,2909.470065186012,3036.421842377107,259.0261842377107,0.04180966406555316,0.9581903359344468,12.3,30.0,30.0,369.0,2930.9,1081502.1,10.321282698462996,236.54228172244,246.863564420903
Sonora,Mazatán,37,Mazatán,145,Alfalfa achicalada,2018,2019,28.931204,-110.356087,465.0,378.3218741683842,4.977919396952424,2.810024327684,7.417328512157555,20.037368421052637,13.59,25.91,27.89513157894737,17.6,34.6,12.179605263157896,5.71,18.6,33.485131578947374,14.15,70.67,17.281842105263156,8.13,24.34,2.267763157894737,1.17,3.9,4.49,0.05907894736842106,0.0,1.72,3.5920000000000005,0.04726315789473685,0.0,1.3760000000000001,8.841582103081356,5.496208245924893,13.72660072126768,0.01186820088018908,1,0,0,0,331.6566674253979,4.363903518755236,1.1665081292186439,6.854454568629154,3.5920000000000005,0.04726315789473685,0.0,1.3760000000000001,328.0646674253979,4.316640360860498,1.1665081292186439,6.854454568629154,35.92,3280.6466742539787,3316.566674253979,328.06466742539794,0.01083047727604625,0.9891695227239536,12.12,33.0,33.0,399.99,3000.02,1199979.0,2.963696369636964,270.68041866782005,273.644115037457
Sonora,Mazatán,37,Mazatán,145,Alfalfa achicalada,2019,2020,28.931204,-110.356087,465.0,300.36054767036865,3.952112469346956,1.0087150904871205,6.406393731150755,16.733486842105265,8.3,23.14,24.0875,12.61,32.24,9.379473684210524,1.35,15.63,47.43855263157894,29.43,86.96,15.83736842105263,3.87,25.0,2.235263157894737,1.03,4.59,73.08,0.961578947368421,0.0,23.46,58.464000000000006,0.7692631578947369,0.0,18.768,8.705483674123485,3.5674559411992846,14.22861113990734,0.24330758672141525,7,3,0,7,265.2249368346634,3.489801800456098,0.40348603619484824,5.76575435803568,11.751102437601679,0.15461976891581156,0.0,2.706853207212324,253.47383439706175,3.335182031540286,0.0,5.76575435803568,117.51102437601679,2534.7383439706173,2652.249368346634,206.76093683466343,0.04430617489383025,0.9556938251061697,14.2,30.0,30.0,426.0,2818.31,1200600.06,8.275424251832169,178.50270027962094,186.7781245314531
Sonora,Mazatán,37,Mazatán,145,Alfalfa achicalada,2020,2021,28.931204,-110.356087,465.0,289.31984831600147,3.7574006274805387,1.6057172289147434,7.3349719954196555,17.09201298701299,7.165,23.86,24.455454545454543,15.58,31.41,9.72857142857143,-1.25,16.72,52.57623376623376,26.29,81.09,15.911688311688309,2.95,24.96,2.1035064935064933,1.03,4.48,64.72,0.8405194805194806,0.0,35.52,51.77600000000002,0.6724155844155847,0.0,28.416000000000004,8.879041519214455,3.4176895485005785,14.516942256018186,0.22369706183901839,8,3,0,5,252.03090624870794,3.2731286525806227,0.9004442265023764,6.6014747958776905,16.363262167540192,0.21250989827974276,0.0,2.808,235.6676440811677,3.0606187543008794,0.0,6.6014747958776905,163.63262167540194,2356.676440811677,2520.309062487079,200.25490624870793,0.0649256173026362,0.9350743826973636,15.0,50.0,50.0,750.0,2788.8,2091600.0,10.908841445026797,157.11176272077847,168.02060416580528
Sonora,Mazatán,37,Mazatán,145,Alfalfa achicalada,2021,2022,28.931204,-110.356087,465.0,356.8127110592336,4.694904092884653,1.958213771806079,7.525084579061997,17.29414473684211,10.475,22.605,25.53592105263158,15.88,32.86,9.05236842105263,3.65,15.22,36.30578947368421,17.66,80.73,17.8425,6.27,26.24,2.355131578947369,1.3,4.78,43.83,0.5767105263157895,0.0,19.77,35.064,0.4613684210526316,0.0,15.816,9.140301358052003,4.651725970590668,14.146136986013111,0.12283755214293329,4,2,0,3,310.09883314592446,4.080247804551638,0.9737583113051518,6.772576121155797,8.169286481329596,0.10749061159644206,0.0,2.7272250868086685,301.9295466645949,3.9727571929551964,0.0,6.772576121155797,81.69286481329596,3019.295466645949,3100.9883314592453,275.03483314592444,0.026344138088018353,0.9736558619119818,15.5,55.0,55.0,852.5,2787.55,2376386.38,5.270507407309417,194.79325591264188,200.0637633199513
Sonora,Mazatán,37,Mazatán,145,Alfalfa achicalada,2022,2023,28.931204,-110.356087,465.0,358.22672283802916,4.713509511026699,1.9825817764735205,8.452162998756014,17.54480263157895,9.25,24.32,25.79973684210526,17.56,35.19,9.289868421052633,0.94,16.16,37.27355263157895,11.94,75.86,18.581973684210528,7.66,25.58,2.250921052631579,1.3,3.75,0.69,0.009078947368421053,0.0,0.36,0.552,0.007263157894736843,0.0,0.288,9.508595111276016,5.01652347703683,13.466042478127239,0.0019261544603192007,0,0,1,3,314.44400668658903,4.1374211406130135,0.7930327105894083,7.606946698880413,0.552,0.007263157894736843,0.0,0.288,313.892006686589,4.130157982718276,0.7752333157691615,7.606946698880413,5.5200000000000005,3138.92006686589,3144.44006686589,313.892006686589,0.0017554794757153268,0.9982445205242846,16.67,45.0,45.0,750.0,3150.0,2362500.0,0.3311337732453509,188.29754450305276,188.6286782762981
Sonora,Mazatán,37,Mazatán,145,Alfalfa achicalada,2023,2024,28.931204,-110.356087,465.0,321.7432835576926,4.233464257338061,1.5749363334124626,7.615879429141578,16.562565789473684,9.415000000000001,24.035,24.1325,16.31,32.77,8.99263157894737,1.19,16.19,43.10355263157894,17.58,79.64,16.67763157894737,3.4,24.71,2.3672368421052625,1.23,4.0,44.82,0.5897368421052631,0.0,12.12,35.85600000000001,0.47178947368421065,0.0,9.696,8.878920802718467,3.7248938516045484,13.697272028672899,0.13930360722499188,7,4,0,6,281.2519376758692,3.7006833904719634,0.9037470141866646,7.235085457684499,12.445846061796711,0.163761132392062,0.0,2.0356499148367693,268.8060916140725,3.536922258079901,0.0,7.235085457684499,124.45846061796712,2688.060916140725,2812.519376758692,245.39593767586922,0.04425159223663737,0.9557484077633627,16.84,30.0,30.0,505.2,3200.0,1616640.0,7.3906449298080235,159.62356984208583,167.01421477189385
Sonora,Mazatán,37,Mazatán,145,Pastos y praderas,2010,2011,28.931204,-110.356087,465.0,1800.6127409134265,7.349439758830312,1.5536587000710556,11.763914856273571,26.958367346938772,13.379999999999999,36.165,34.581428571428575,19.91,44.86,19.335306122448976,5.2,27.8,40.89628571428572,10.46,86.32,24.975755102040814,2.6,31.9,2.4496326530612245,0.93,5.28,284.44000000000005,1.160979591836735,0.0,35.07,170.664,0.6965877551020407,0.0,21.041999999999998,15.255592665890454,2.972072162696298,19.521631580782064,0.15796844792718032,40,14,122,0,1510.6998068960543,6.166121660800221,1.3206098950603973,9.999327627832535,93.03858022910565,0.3797493070575741,0.0,5.721038881891545,1417.6612266669486,5.786372353742647,0.0,9.999327627832535,930.3858022910565,14176.612266669486,15106.998068960544,1340.0358068960543,0.06158641167782137,0.9384135883221786,44.62,25.0,25.0,1115.52,700.0,780864.0,20.851317846056848,317.71878679223414,338.570104638291
Sonora,Mazatán,37,Mazatán,145,Pastos y praderas,2011,2012,28.931204,-110.356087,465.0,1903.3794919605027,7.768895885553072,3.526694975610882,13.275245286897697,27.84573469387755,15.79,37.095,35.90738775510204,22.69,45.8,19.784081632653063,8.15,28.39,35.422979591836736,6.59,74.84,25.416326530612245,11.39,32.54,2.3950612244897957,0.81,5.9,243.35000000000002,0.9932653061224491,0.0,29.21,194.68,0.7946122448979592,0.0,23.368000000000002,15.211323085615906,8.53927866916981,19.50599768754457,0.12785154039321225,33,13,149,0,1585.6836045403916,6.472177977715884,1.9890170104159504,11.283958493863041,116.21170388453032,0.4743334852429809,0.0,9.032,1469.4719006558612,5.997844492472903,0.0,11.283958493863041,1162.1170388453033,14694.719006558611,15856.836045403914,1391.0036045403915,0.07328807812086456,0.9267119218791354,45.5,24.0,24.0,1092.0,550.0,600600.0,25.541033820775898,322.96085728700245,348.50189110777836
Sonora,Mazatán,37,Mazatán,145,Pastos y praderas,2012,2013,28.931204,-110.356087,465.0,1774.1053345844198,7.241246263609876,2.213668892749996,11.722488577743167,27.09481632653062,12.74,34.85,34.718489795918366,16.28,45.42,19.47114285714286,5.64,27.24,40.289346938775516,7.07,89.39,24.577142857142857,5.77,31.96,2.25269387755102,0.87,4.59,328.34000000000003,1.3401632653061226,0.0,32.9,197.004,0.8040979591836734,0.0,19.74,14.921522351615724,4.963601327388906,19.236678460744145,0.18507356558787022,50,20,116,0,1476.3081534184666,6.025747564973333,1.8816185588374965,9.964115291081692,138.45732253469924,0.5651319287130582,0.0,6.469106504785143,1337.8508308837675,5.460615636260275,0.0,9.964115291081692,1384.5732253469923,13378.508308837674,14763.081534184666,1279.3041534184667,0.09378619376591145,0.9062138062340885,45.0,15.0,15.0,675.0,450.0,303750.0,30.76829389659983,297.3001846408372,328.06847853743704
Sonora,Mazatán,37,Mazatán,145,Pastos y praderas,2013,2014,28.931204,-110.356087,465.0,1847.087156916774,7.539131252721526,2.4847376554553704,11.863986225638488,27.348000000000003,13.51,36.644999999999996,35.13273469387755,20.4,44.33,19.56326530612245,6.62,28.96,39.14857142857144,5.57,84.46,25.049142857142858,6.84,31.99,2.430040816326531,0.81,4.83,300.0,1.2244897959183674,0.0,31.68,179.99999999999997,0.7346938775510203,0.0,19.008,15.185493025483037,5.382546988029228,19.33749680331751,0.16241789071868762,42,19,128,0,1541.0023541159408,6.28980552700384,1.8507170859161133,10.084388291792715,114.19808536035072,0.4661146341238805,0.0,6.2405139730544805,1426.8042687555903,5.82369089287996,0.0,10.084388291792715,1141.980853603507,14268.042687555902,15410.02354115941,1361.0023541159408,0.07410636658362871,0.9258936334163714,44.9,14.0,14.0,628.6,459.51,288847.99,25.43387201789548,317.7737792328709,343.2076512507664
Sonora,Mazatán,37,Mazatán,145,Pastos y praderas,2014,2015,28.931204,-110.356087,465.0,1772.680767623181,7.235431704584412,2.0984839136518,13.499223916406663,27.700571428571426,17.47,37.68,34.94485714285713,23.87,47.97,20.456285714285713,9.57,27.39,43.166081632653054,6.58,83.32,24.106081632653062,6.37,31.68,2.3422448979591834,0.72,5.39,355.0400000000001,1.4491428571428575,0.0,57.81,213.024,0.8694857142857143,0.0,34.686,14.870319391752954,5.168436772551847,19.637448904767773,0.20028422854501854,48,22,116,0,1482.297821235038,6.050195188714441,1.7837113266040299,11.474340328945663,135.74644736922818,0.5540671321192987,0.0,5.307576864287205,1346.5513738658099,5.4961280565951425,0.0,11.474340328945663,1357.464473692282,13465.5137386581,14822.978212350381,1269.2738212350382,0.09157838959523355,0.9084216104047664,44.93,12.0,12.0,539.16,457.49,246660.31,30.212874998715378,299.69983838544624,329.91271338416163
Sonora,Mazatán,37,Mazatán,145,Pastos y praderas,2015,2016,28.931204,-110.356087,465.0,1596.388562306976,6.515871682885616,1.5752430405680655,11.956598276778191,26.796510204081635,15.059999999999999,34.665,33.51975510204082,19.38,43.08,20.07326530612245,9.63,27.1,50.66591836734693,12.03,86.86,23.517510204081628,3.07,31.98,2.19865306122449,0.54,4.51,501.33,2.0462448979591836,0.0,51.17,300.798,1.2277469387755102,0.0,30.701999999999998,14.907949517479295,3.320389187223239,19.781655348139928,0.3140400851253388,57,25,92,0,1337.1605334218725,5.45779809559948,0.7716382923588514,10.163108535261463,151.86593975333727,0.6198609785850501,0.0,5.690417716562173,1185.294593668535,4.8379371170144285,0.0,10.163108535261463,1518.6593975333726,11852.945936685352,13371.605334218724,1036.3625334218725,0.11357345356634434,0.8864265464336555,45.2,9.0,9.0,406.8,520.0,211536.0,33.59865923746399,262.2333171833042,295.8319764207682
Sonora,Mazatán,37,Mazatán,145,Pastos y praderas,2016,2017,28.931204,-110.356087,465.0,1806.3878184289977,7.373011503791827,2.3410296167769244,13.444342276290492,27.775265306122453,12.440000000000001,36.324999999999996,35.62775510204082,15.74,47.12,19.922775510204087,7.72,28.24,40.42938775510204,8.73,79.81,25.09820408163265,4.62,32.04,2.2966122448979593,0.75,5.96,303.85999999999996,1.2402448979591836,0.0,33.06,182.31599999999997,0.7441469387755101,0.0,19.836000000000002,15.373634940500434,4.318830236601995,19.28311811922775,0.16821415473464874,36,16,150,0,1507.5107309010696,6.153105024085998,1.1770003702763239,11.427690934846918,107.50406271843976,0.43879209272832553,0.0,5.729932089265767,1400.00666818263,5.714312931357673,0.0,11.427690934846918,1075.0406271843976,14000.0666818263,15075.107309010698,1325.1947309010695,0.07131230346478688,0.9286876965352132,44.6,9.0,9.0,401.4,510.28,204826.39,24.104049936869902,313.9028403996928,338.0068903365627
Sonora,Mazatán,37,Mazatán,145,Pastos y praderas,2017,2018,28.931204,-110.356087,465.0,1821.6679751345546,7.435379490345121,3.3684322974359375,11.325169938355476,28.11375510204082,17.43,35.55,35.86644897959183,22.79,44.79,20.361061224489795,9.33,27.69,40.397265306122456,7.48,85.84,25.085673469387757,9.4,31.84,2.2576734693877545,0.86,4.93,336.69,1.3742448979591837,0.0,31.27,202.01399999999998,0.8245469387755101,0.0,18.762,15.264006798612257,7.217246494189263,19.126390592141966,0.18482511884479438,42,22,159,0,1523.4578413001284,6.218195270612769,1.7004058423153656,9.626394447602154,133.06874181005298,0.5431377216736857,0.0,5.649587562433782,1390.3890994900755,5.675057548939084,0.0,9.626394447602154,1330.6874181005298,13903.890994900756,15234.578413001285,1321.4438413001285,0.08734652066019188,0.9126534793398082,44.8,8.0,8.0,358.4,560.0,200704.0,29.702844154029687,310.35470970760616,340.0575538616358
Sonora,Mazatán,37,Mazatán,145,Pastos y praderas,2018,2019,28.931204,-110.356087,465.0,1777.94877315963,7.25693376799849,1.687214836509609,12.209868314439053,27.808142857142858,16.795,36.93,35.01302040816326,22.07,45.67,20.603265306122445,6.36,29.73,43.20963265306123,6.66,87.12,24.28187755102041,4.05,31.77,2.278,0.84,4.59,415.56999999999994,1.696204081632653,0.0,54.12,249.34199999999998,1.0177224489795917,0.0,32.471999999999994,14.938506143650507,3.869070647963075,19.691916362370648,0.23373564316000048,46,24,125,0,1482.9991561626553,6.0530577802557355,1.4341326110331676,10.378388067273194,126.13129392585502,0.5148216078606327,0.0,5.857619817922591,1356.8678622368002,5.538236172395103,0.0,10.378388067273194,1261.3129392585502,13568.678622368003,14829.991561626553,1233.6571561626552,0.08505149406303569,0.9149485059369643,45.17,6.0,6.0,271.0,570.0,154471.14,27.923686943957275,300.3913797292008,328.31506667315807
Sonora,Mazatán,37,Mazatán,145,Pastos y praderas,2019,2020,28.931204,-110.356087,465.0,1718.1550049727111,7.012877571317189,2.335571579772477,12.057641233191676,26.927367346938777,14.334999999999999,36.16,34.29751020408163,18.1,45.37,19.55722448979592,7.02,28.31,45.07273469387755,12.16,87.46,24.387183673469387,5.59,32.21,2.302489795918367,0.62,4.37,394.09999999999997,1.6085714285714285,0.0,42.0,236.46,0.9651428571428572,0.0,25.2,15.133765767527064,5.016143209902522,19.328828508245255,0.22937394988193124,45,24,108,0,1440.1846413882859,5.878304658727697,1.0523888753299733,10.248995048212924,128.64145429439486,0.5250671603852851,0.0,5.461080331374697,1311.543187093891,5.353237498342412,0.0,10.248995048212924,1286.4145429439486,13115.43187093891,14401.846413882859,1203.7246413882858,0.08932288999443096,0.9106771100055691,45.0,10.0,10.0,450.0,649.38,292221.0,28.586989843198857,291.4540415764202,320.04103141961906
Sonora,Mazatán,37,Mazatán,145,Pastos y praderas,2022,2023,28.931204,-110.356087,465.0,1694.407409180731,6.915948608900943,2.313337383161842,12.021908417662473,27.00895918367347,15.535,35.355000000000004,34.22436734693878,23.73,45.1,19.793551020408163,6.4,27.62,45.99244897959184,4.86,87.62,24.172897959183672,7.25,32.1,2.2142448979591838,0.83,4.57,499.24,2.037714285714286,0.0,31.21,299.544,1.2226285714285714,0.0,18.726,14.888080275471806,5.882420698954592,19.36475756234836,0.2946398825306066,64,32,106,0,1414.589344014151,5.773834057200617,1.8036034454397551,10.218622155013103,190.71551941136218,0.7784306914749477,0.0,7.074274104020332,1223.8738246027888,4.995403365725669,0.0,10.218622155013103,1907.1551941136217,12238.738246027888,14145.89344014151,1115.045344014151,0.1348204128769786,0.8651795871230213,45.09,8.0,8.0,360.72,750.0,270540.0,42.29663326931962,271.42910281720754,313.72573608652715
Sonora,Mazatán,37,Mazatán,145,Pastos y praderas,2023,2024,28.931204,-110.356087,465.0,1961.9117538903813,8.007803077103597,3.7243514323558586,12.004074665520976,28.787408163265308,11.520000000000001,37.69,36.82355102040817,18.01,47.96,20.75126530612245,4.62,29.43,33.539102040816324,8.14,72.01,25.114,9.87,31.51,2.510408163265306,1.14,4.78,107.45000000000002,0.43857142857142867,0.0,14.61,85.96,0.3508571428571428,0.0,11.688,15.140694089452163,6.770698623357645,19.02144289774118,0.05476800869709434,27,5,162,1,1644.0444010520262,6.7103853104164335,1.5444570716903983,10.20346346569283,70.36395412321633,0.28719981274782175,0.0,6.499474959724619,1573.68044692881,6.423185497668612,0.0,10.20346346569283,703.6395412321633,15736.8044692881,16440.444010520263,1558.0844010520261,0.04279930279145158,0.9572006972085485,42.0,15.0,15.0,630.0,754.76,475498.8,16.753322410289602,374.6858206973357,391.43914310762534
