CVE_MUN,Municipio,REC_PV,CON_PV,SP_PV,EXP_PV,REC_OI,CON_OI,SP_OI,EXP_OI,PER_CA,TEMP_CA,EROS,SPT_PV,SPT_OI,ISAG_PV,ISAG_OI,ISAG_PV_label,ISAG_OI_label
1,Aconchi,20.8835341365461,15,5,3,14.7410358565737,5,5,3,35.2941176470588,9.95271537748901,99.9112101747016,8,8,1,1,Alta,Alta
2,Agua Prieta,40.1606425702811,35,6,3,29.0836653386454,30,6,3,89.7435897435897,14.5679364281604,55.6293946034605,9,9,2,2,Media,Media
4,Altar,39.7590361445783,35,6,3,19.5219123505976,10,5,3,93.5714285714285,8.07666332594009,39.5235728530669,9,9,2,2,Media,Media
5,Arivechi,20.4819277108433,10,5,3,13.5458167330677,5,5,3,83.3333333333333,85.1802841192833,81.1203280016748,12,12,3,3,Baja,Baja
6,Arizpe,26.9076305220883,20,6,3,17.5298804780876,5,5,3,86.0544217687073,51.3922544634538,98.61649491034,11,11,3,3,Baja,Baja
7,Atil,30.5220883534136,25,6,3,18.7250996015936,10,5,3,100.0,0.615668770201631,83.038040339027,10,10,3,3,Baja,Baja
8,Bacadéhuachi,21.2851405622489,10,5,3,14.3426294820717,10,5,3,99.4047619047619,19.6579642523815,100.0,10,10,3,3,Baja,Baja
9,Bacanora,22.0883534136546,15,5,3,12.7490039840637,5,5,3,98.1651376146788,79.5353869176674,91.6954503862102,12,12,3,3,Baja,Baja
10,Bacerac,22.0883534136546,15,5,3,18.7250996015936,10,5,3,97.7777777777777,19.7306726485518,89.0484227089308,10,10,3,3,Baja,Baja
11,Bacoachi,30.1204819277108,25,6,3,17.9282868525896,5,5,3,96.629213483146,31.1143298505956,73.203638921195,10,10,3,3,Baja,Baja
13,Banámichi,23.293172690763,20,6,3,17.5298804780876,5,5,3,74.2857142857142,15.5942028589936,100.0,9,9,2,2,Media,Media
15,Bavispe,30.5220883534136,20,6,3,24.3027888446215,20,6,3,97.9797979797979,0.898158549305945,88.2784267585511,10,10,3,3,Baja,Baja
14,Baviácora,19.2771084337349,15,5,3,13.1474103585657,5,5,3,20.5479452054794,2.7052752536143,99.3202912917811,8,8,1,1,Alta,Alta
71,Benito Juárez,21.6867469879518,20,6,3,12.3505976095617,10,5,3,73.076923076923,0.015755647012629,0.698494817322778,7,7,1,1,Alta,Alta
16,Benjamín Hill,22.8915662650602,15,5,3,13.5458167330677,10,5,3,97.8260869565217,72.8472730730683,100.0,11,11,3,3,Baja,Baja
12,Bácum,22.4899598393574,20,6,3,11.1553784860557,0,4,2,85.022026431718,0.0,1.67760279327581,8,7,1,1,Alta,Alta
17,Caborca,22.8915662650602,20,6,3,16.3346613545816,10,5,3,63.18407960199,0.0,17.6772641878651,7,7,1,1,Alta,Alta
18,Cajeme,22.4899598393574,20,6,3,11.5537848605577,0,4,2,81.637717121588,0.593423825429391,12.3348770391844,8,7,1,1,Alta,Alta
19,Cananea,30.5220883534136,30,6,3,19.1235059760956,10,5,3,95.2095808383233,43.4627438811636,53.4011666571662,10,10,3,3,Baja,Baja
20,Carbó,18.4738955823293,15,5,3,11.5537848605577,5,5,3,91.26213592233,12.0089507856898,99.872430317328,10,10,3,3,Baja,Baja
22,Cucurpe,27.3092369477911,20,6,3,16.7330677290836,5,5,3,97.6190476190476,70.7278854941925,99.752067695349,11,11,3,3,Baja,Baja
23,Cumpas,25.3012048192771,15,5,3,17.5298804780876,5,5,3,87.378640776699,66.0099976087918,95.1021552160572,11,11,3,3,Baja,Baja
24,Divisaderos,21.6867469879518,15,5,3,13.9442231075697,5,5,3,98.076923076923,47.560235919222,98.0293101778624,11,11,3,3,Baja,Baja
25,Empalme,19.2771084337349,15,5,3,8.76494023904382,0,3,2,69.1176470588235,2.71742113465118,98.6525945164111,9,8,2,1,Media,Alta
26,Etchojoa,22.0883534136546,25,6,3,14.3426294820717,10,5,3,92.2297297297297,0.0,9.72531502864026,8,8,1,1,Alta,Alta
27,Fronteras,36.144578313253,35,6,3,20.3187250996015,10,5,3,91.2408759124087,14.2183060443475,97.7194198105242,10,10,3,3,Baja,Baja
70,General Plutarco Elías Calles,24.8995983935742,10,5,3,21.5139442231075,15,6,3,69.047619047619,0.0,14.6477473806427,7,7,1,1,Alta,Alta
28,Granados,20.8835341365461,10,5,3,13.9442231075697,5,5,3,75.0,8.96437939814864,99.9943386879909,9,9,2,2,Media,Media
29,Guaymas,20.0803212851405,15,5,3,11.5537848605577,0,4,2,87.8277153558052,6.85425697563107,55.2198554584066,9,8,2,1,Media,Alta
30,Hermosillo,16.867469879518,15,5,3,12.3505976095617,5,5,3,74.6543778801843,11.5762376826329,23.6321668399638,7,7,1,1,Alta,Alta
31,Huachinera,20.0803212851405,5,4,2,18.7250996015936,10,5,3,96.1904761904761,57.5910636490214,44.1537581781791,9,10,2,3,Media,Baja
33,Huatabampo,25.3012048192771,30,6,3,18.3266932270916,15,6,3,87.6923076923076,1.71191778800193,44.0686530312062,9,9,2,2,Media,Media
32,Huásabas,21.6867469879518,10,5,3,15.9362549800796,5,5,3,74.4680851063829,1.15371125837594,99.9965549612863,9,9,2,2,Media,Media
34,Huépac,20.8835341365461,15,5,3,16.3346613545816,5,5,3,92.5925925925925,7.33742034882877,99.5736662200909,10,10,3,3,Baja,Baja
35,Imuris,32.5301204819277,30,6,3,20.3187250996015,10,5,3,92.5,21.0787964678023,38.5093473994946,9,9,2,2,Media,Media
21,La Colorada,20.0803212851405,15,5,3,11.5537848605577,0,4,2,90.0,92.2170577882012,65.73289787823,11,10,3,3,Baja,Baja
36,Magdalena,30.5220883534136,25,6,3,19.5219123505976,10,5,3,94.4444444444444,14.472527975919,69.9085145830763,10,10,3,3,Baja,Baja
37,Mazatán,18.8755020080321,15,5,3,11.5537848605577,0,4,2,100.0,95.2049066071926,49.786652414288596,11,10,3,3,Baja,Baja
38,Moctezuma,22.8915662650602,15,5,3,15.5378486055776,5,5,3,87.1794871794871,22.6136712122726,99.9051912212005,10,10,3,3,Baja,Baja
39,Naco,38.9558232931726,35,6,3,26.2948207171314,25,6,3,100.0,56.7594822715316,8.23849891667894,9,9,2,2,Media,Media
41,Nacozari de García,31.3253012048192,25,6,3,21.1155378486055,15,6,3,96.951219512195,94.8870899020025,0.0,10,10,3,3,Baja,Baja
42,Navojoa,28.5140562248995,25,6,3,17.5298804780876,15,6,3,96.7213114754098,8.69021365823806,35.2351270146559,9,9,2,2,Media,Media
43,Nogales,38.152610441767,35,6,3,27.0916334661354,15,6,3,98.170731707317,15.5630118398479,11.1328581444262,8,8,1,1,Alta,Alta
40,Nácori Chico,21.6867469879518,10,5,3,14.3426294820717,10,5,3,96.9879518072289,94.0394882487773,83.5778341424502,12,12,3,3,Baja,Baja
45,Opodepe,24.0963855421686,15,5,3,13.9442231075697,10,5,3,88.28125,67.3150906064087,98.5922044018877,11,11,3,3,Baja,Baja
46,Oquitoa,32.5301204819277,25,6,3,17.9282868525896,10,5,3,100.0,0.0,95.497432716496,10,10,3,3,Baja,Baja
47,Pitiquito,18.0722891566265,20,6,3,13.1474103585657,5,5,3,94.7916666666666,0.0,27.4552854569312,8,8,1,1,Alta,Alta
48,Puerto Peñasco,22.4899598393574,10,5,3,20.7171314741035,20,6,3,75.0,5.85083787312144,17.3202656857265,7,7,1,1,Alta,Alta
49,Quiriego,25.7028112449799,25,6,3,14.3426294820717,5,5,3,100.0,93.1625466439615,92.7310844914598,12,12,3,3,Baja,Baja
50,Rayón,20.8835341365461,15,5,3,12.3505976095617,5,5,3,88.7323943661971,14.2050520727444,98.8975684059095,10,10,3,3,Baja,Baja
51,Rosario,23.6947791164658,20,6,3,14.3426294820717,5,5,3,94.6564885496183,97.2840433827778,83.3932215090255,12,12,3,3,Baja,Baja
52,Sahuaripa,23.293172690763,10,5,3,13.5458167330677,5,5,3,82.9787234042553,57.4462349303244,97.4977099441482,11,11,3,3,Baja,Baja
53,San Felipe de Jesús,21.2851405622489,15,5,3,13.9442231075697,5,5,3,36.3636363636363,8.15312542196,100.0,8,8,1,1,Alta,Alta
72,San Ignacio Río Muerto,20.0803212851405,15,5,3,10.7569721115537,5,4,2,70.8029197080291,0.016807777945319,8.1175159377232,7,6,1,1,Alta,Alta
54,San Javier,18.4738955823293,15,5,3,12.7490039840637,0,4,2,94.4444444444444,100.0,100.0,12,11,3,3,Baja,Baja
55,San Luis Río Colorado,22.0883534136546,5,4,2,17.5298804780876,20,6,3,44.6808510638297,0.076743491890624,0.452193219875893,6,7,1,1,Alta,Alta
56,San Miguel de Horcasitas,18.0722891566265,15,5,3,11.5537848605577,0,4,2,66.6666666666666,12.2489909445151,71.363143688066,9,8,2,1,Media,Alta
57,San Pedro de la Cueva,21.2851405622489,10,5,3,13.5458167330677,5,5,3,76.1904761904761,79.1062271311541,91.0533809256437,10,10,3,3,Baja,Baja
58,Santa Ana,23.293172690763,15,5,3,16.3346613545816,10,5,3,92.9936305732484,7.99543146436304,76.341785204978,10,10,3,3,Baja,Baja
59,Santa Cruz,34.5381526104417,35,6,3,23.5059760956175,10,5,3,95.8333333333333,25.4506380412068,12.4798072155549,8,8,1,1,Alta,Alta
61,Soyopa,19.6787148594377,15,5,3,13.5458167330677,5,5,3,96.25,96.4752840194943,97.4512750856022,12,12,3,3,Baja,Baja
62,Suaqui Grande,20.4819277108433,15,5,3,10.7569721115537,0,3,2,58.0645161290322,76.9079464988198,57.7610529898606,9,8,2,1,Media,Alta
60,Sáric,40.9638554216867,35,6,3,25.4980079681274,15,6,3,98.076923076923,84.2190642034303,17.5644606151469,10,10,3,3,Baja,Baja
63,Tepache,22.0883534136546,15,5,3,13.9442231075697,5,5,3,98.6486486486486,89.370183574371,95.698956293479,12,12,3,3,Baja,Baja
64,Trincheras,20.0803212851405,10,5,3,14.7410358565737,10,5,3,97.1428571428571,26.6837134220602,45.8906986950463,9,9,2,2,Media,Media
65,Tubutama,39.7590361445783,35,6,3,19.5219123505976,10,5,3,100.0,39.0316120800033,73.592794883405,10,10,3,3,Baja,Baja
66,Ures,22.8915662650602,15,5,3,12.3505976095617,5,5,3,90.8571428571428,17.4583895845088,18.1573876652187,8,8,1,1,Alta,Alta
67,Villa Hidalgo,22.8915662650602,5,4,2,16.3346613545816,5,5,3,90.9677419354838,3.20377562044625,99.287291001315,9,10,2,3,Media,Baja
68,Villa Pesqueira,18.8755020080321,15,5,3,13.1474103585657,5,5,3,90.0,96.9052863504017,81.6794388998858,12,12,3,3,Baja,Baja
69,Yécora,20.0803212851405,10,5,3,13.5458167330677,5,5,3,86.626139817629,99.5291372516393,94.8643396024301,12,12,3,3,Baja,Baja
3,Álamos,30.9236947791164,30,6,3,21.5139442231075,15,6,3,95.8851674641148,89.2109902997638,97.5110176757545,12,12,3,3,Baja,Baja
44,Ónavas,19.6787148594377,15,5,3,12.7490039840637,5,5,3,86.4864864864864,82.4025048466255,95.7217788343616,12,12,3,3,Baja,Baja
