Anio,Idddr,Idmunicipio,Nommunicipio,Idciclo,Idmodalidad,Nomcultivo,Sembrada,Cosechada,Siniestrada,Volumenproduccion,Rendimiento,PMR,Valorproduccion
2020,139,48,Puerto Peñasco,3,1,Espárrago,440.0,440.0,0.0,4750.0,10.8,25962.04,123319702.5
2020,139,70,General Plutarco Elías Calles,1,1,Avena forrajera en verde,15.0,15.0,0.0,235.0,15.67,621.7,146099.5
2020,139,70,General Plutarco Elías Calles,1,1,Trigo grano,800.0,800.0,0.0,4270.0,5.34,4656.91,19885005.7
2020,139,70,General Plutarco Elías Calles,2,1,Algodón hueso,275.0,275.0,0.0,1155.0,4.2,12496.58,14433549.9
2020,139,70,General Plutarco Elías Calles,2,1,Sorgo forrajero en verde,14.0,14.0,0.0,302.0,21.57,750.0,226500.0
2020,139,70,General Plutarco Elías Calles,3,1,Alfalfa achicalada,750.0,750.0,0.0,14485.0,19.31,2325.79,33689068.15
2020,139,70,General Plutarco Elías Calles,3,1,Espárrago,965.0,920.0,0.0,10050.0,10.92,35982.29,361622014.5
2020,139,17,Caborca,1,1,Avena forrajera en verde,12.6,12.6,0.0,214.0,16.98,629.02,134610.28
2020,139,17,Caborca,1,1,Papa,8.0,8.0,0.0,304.0,38.0,6300.0,1915200.0
2020,139,17,Caborca,1,1,Trigo grano,600.0,600.0,0.0,3600.0,6.0,4567.92,16444512.0
2020,139,17,Caborca,2,1,Chile verde,10.0,10.0,0.0,225.0,22.5,8500.0,1912500.0
2020,139,17,Caborca,2,1,Melón,60.0,60.0,0.0,1990.0,33.17,6975.43,13881105.7
2020,139,17,Caborca,2,1,Papa,2500.0,2500.0,0.0,110000.0,44.0,7067.72,777449200.0
2020,139,17,Caborca,2,1,Sandía,15.0,15.0,0.0,685.0,45.67,3250.0,2226250.0
2020,139,17,Caborca,2,1,Sorgo forrajero en verde,75.0,75.0,0.0,1335.0,17.8,717.42,957755.7
2020,139,17,Caborca,3,1,Alfalfa achicalada,790.0,790.0,0.0,14860.0,18.81,2361.71,35095010.6
2020,139,17,Caborca,3,1,Durazno,122.0,122.0,0.0,1281.0,10.5,7375.02,9447400.62
2020,139,17,Caborca,3,1,Espárrago,8331.0,8225.0,0.0,88067.5,10.71,39072.19,3440990405.9
2020,139,17,Caborca,3,1,Naranja,45.0,45.0,0.0,475.5,10.57,4273.34,2031973.17
2020,139,17,Caborca,3,1,Nuez,563.0,563.0,0.0,950.0,1.69,86257.89,81944995.5
2020,139,17,Caborca,3,1,Uva,7756.0,7714.0,0.0,83384.0,10.81,26201.23,2184762990.7
2020,139,47,Pitiquito,1,1,Avena forrajera en verde,10.0,10.0,0.0,164.0,16.4,624.15,102360.6
2020,139,47,Pitiquito,1,1,Trigo grano,100.0,100.0,0.0,510.0,5.1,4575.49,2333499.9
2020,139,47,Pitiquito,2,1,Papa,100.0,100.0,0.0,4300.0,43.0,7100.0,30530000.0
2020,139,47,Pitiquito,2,1,Pepino,15.0,15.0,0.0,2386.63,159.11,6323.84,15092666.26
2020,139,47,Pitiquito,2,1,Sandía,33.0,33.0,0.0,1188.0,36.0,6120.0,7270560.0
2020,139,47,Pitiquito,2,1,Sorgo forrajero en verde,8.0,8.0,0.0,152.0,19.0,713.22,108409.44
2020,139,47,Pitiquito,2,1,Tomate rojo (jitomate),8.0,8.0,0.0,762.0,95.25,7854.33,5984999.46
2020,139,47,Pitiquito,3,1,Alfalfa achicalada,325.0,325.0,0.0,6153.0,18.93,2322.96,14293172.88
2020,139,47,Pitiquito,3,1,Espárrago,989.0,882.0,0.0,10150.0,11.51,34798.52,353204971.0
2020,139,47,Pitiquito,3,1,Nuez,149.0,109.0,0.0,177.0,1.62,86762.72,15357000.7
2020,139,47,Pitiquito,3,1,Uva,60.0,60.0,0.0,1015.0,16.92,28317.0,28741755.0
2020,139,4,Altar,1,1,Avena forrajera en verde,50.0,50.0,0.0,825.0,16.5,633.15,522348.75
2020,139,4,Altar,1,1,Trigo grano,360.0,360.0,0.0,2232.0,6.2,4589.25,10243206.0
2020,139,4,Altar,2,1,Melón,15.0,15.0,0.0,495.0,33.0,7500.0,3712500.0
2020,139,4,Altar,2,1,Papa,1352.0,1352.0,0.0,60000.0,44.38,7100.0,426000000.0
2020,139,4,Altar,2,1,Pepino,100.0,100.0,0.0,15421.8,154.22,6773.33,104456940.59
2020,139,4,Altar,2,1,Sorgo forrajero en verde,27.0,27.0,0.0,550.0,20.37,710.0,390500.0
2020,139,4,Altar,3,1,Alfalfa achicalada,518.0,518.0,0.0,9815.0,18.95,2283.55,22413043.25
2020,139,4,Altar,3,1,Espárrago,1878.0,1831.0,0.0,20200.0,11.03,34835.71,703681350.0
2020,139,4,Altar,3,1,Nuez,1138.0,1138.0,0.0,1877.0,1.65,85655.3,160774998.1
2020,139,4,Altar,3,1,Uva,72.0,72.0,0.0,1192.0,16.56,25642.2,30565502.4
2020,139,7,Atil,1,1,Avena forrajera en verde,2.5,2.5,0.0,40.5,16.2,638.37,25853.99
2020,139,7,Atil,1,1,Trigo grano,131.0,131.0,0.0,720.5,5.5,4600.0,3314300.0
2020,139,7,Atil,2,1,Sorgo forrajero en verde,14.0,14.0,0.0,295.0,21.07,750.0,221250.0
2020,139,7,Atil,3,1,Alfalfa achicalada,40.0,40.0,0.0,780.0,19.5,2264.07,1765974.6
2020,139,46,Oquitoa,1,1,Avena forrajera en verde,8.0,8.0,0.0,130.4,16.3,617.25,80489.4
2020,139,46,Oquitoa,1,1,Trigo grano,40.0,40.0,0.0,220.0,5.5,4543.75,999625.0
2020,139,46,Oquitoa,2,1,Sorgo forrajero en verde,3.0,3.0,0.0,50.0,16.67,720.0,36000.0
2020,139,46,Oquitoa,3,1,Alfalfa achicalada,10.5,10.5,0.0,201.0,19.14,2303.51,463005.51
2020,139,60,Sáric,1,1,Avena forrajera en verde,12.0,12.0,0.0,194.4,16.2,651.81,126711.86
2020,139,60,Sáric,1,1,Trigo grano,34.0,34.0,0.0,173.4,5.1,4600.0,797640.0
2020,139,60,Sáric,2,1,Maíz grano,6.0,6.0,0.0,27.0,4.5,5100.0,137700.0
2020,139,60,Sáric,2,1,Sorgo forrajero en verde,35.0,35.0,0.0,750.0,21.43,750.0,562500.0
2020,139,60,Sáric,3,1,Alfalfa achicalada,120.0,120.0,0.0,2100.0,17.5,2298.96,4827816.0
2020,139,60,Sáric,3,1,Nuez,6.0,6.0,0.0,10.0,1.67,87880.0,878800.0
2020,139,65,Tubutama,1,1,Avena forrajera en verde,50.0,50.0,0.0,830.0,16.6,643.43,534046.9
2020,139,65,Tubutama,2,1,Sorgo forrajero en verde,85.0,85.0,0.0,1855.0,21.82,720.0,1335600.0
2020,139,65,Tubutama,3,1,Alfalfa achicalada,46.0,46.0,0.0,830.0,18.04,2270.28,1884332.4
2020,139,65,Tubutama,3,1,Nuez,140.0,140.0,0.0,230.0,1.64,86082.61,19799000.3
2020,140,22,Cucurpe,1,1,Avena forrajera en verde,105.0,105.0,0.0,2110.5,20.1,800.0,1688400.0
2020,140,22,Cucurpe,1,1,Cebolla,10.0,10.0,0.0,395.0,39.5,4800.0,1896000.0
2020,140,22,Cucurpe,1,1,Lechuga,10.0,10.0,0.0,285.0,28.5,3889.83,1108601.55
2020,140,22,Cucurpe,1,2,Avena forrajera en verde,25.0,25.0,0.0,220.0,8.8,760.0,167200.0
2020,140,22,Cucurpe,2,1,Cebolla,2.8,2.8,0.0,98.0,35.0,3200.0,313600.0
2020,140,22,Cucurpe,2,1,Chile verde,4.0,4.0,0.0,75.0,18.75,9510.0,713250.0
2020,140,22,Cucurpe,2,1,Frijol,5.0,5.0,0.0,9.0,1.8,18000.0,162000.0
2020,140,22,Cucurpe,2,1,Papa,141.0,141.0,0.0,5942.0,42.14,7925.96,47096054.32
2020,140,22,Cucurpe,2,1,Sorgo forrajero en verde,30.0,30.0,0.0,560.0,18.67,856.96,479897.6
2020,140,22,Cucurpe,2,2,Sorgo forrajero en verde,60.0,50.0,10.0,190.0,3.8,800.0,152000.0
2020,140,22,Cucurpe,3,1,Alfalfa achicalada,200.0,200.0,0.0,2652.0,13.26,2304.8,6112329.6
2020,140,35,Imuris,1,1,Avena forrajera en verde,130.0,130.0,0.0,2561.0,19.7,780.0,1997580.0
2020,140,35,Imuris,1,1,Cebolla,33.0,33.0,0.0,1056.0,32.0,4350.0,4593600.0
2020,140,35,Imuris,1,1,Lechuga,20.0,20.0,0.0,590.0,29.5,3854.58,2274202.2
2020,140,35,Imuris,1,1,Tomate rojo (jitomate),22.0,22.0,0.0,2200.0,100.0,8350.0,18370000.0
2020,140,35,Imuris,1,2,Avena forrajera en verde,25.0,25.0,0.0,212.0,8.48,720.0,152640.0
2020,140,35,Imuris,2,1,Calabacita,17.0,17.0,0.0,302.0,17.76,6500.0,1963000.0
2020,140,35,Imuris,2,1,Cebolla,5.0,5.0,0.0,75.0,15.0,7800.0,585000.0
2020,140,35,Imuris,2,1,Chile verde,8.0,8.0,0.0,140.0,17.5,10357.14,1449999.6
2020,140,35,Imuris,2,1,Elote,15.0,15.0,0.0,130.0,8.67,3630.77,472000.1
2020,140,35,Imuris,2,1,Lechuga,4.0,4.0,0.0,98.0,24.5,4082.65,400099.7
2020,140,35,Imuris,2,1,Sorgo forrajero en verde,93.0,93.0,0.0,1562.0,16.8,850.0,1327700.0
2020,140,35,Imuris,2,1,Tomate rojo (jitomate),22.0,22.0,0.0,2687.0,122.14,8550.0,22973850.0
2020,140,35,Imuris,2,1,Zempoalxochitl,3.0,3.0,0.0,27.0,9.0,5100.0,137700.0
2020,140,35,Imuris,2,2,Maíz grano,4.0,0.0,4.0,0.0,0.0,0.0,0.0
2020,140,35,Imuris,2,2,Sorgo forrajero en verde,40.0,40.0,0.0,210.0,5.25,850.0,178500.0
2020,140,35,Imuris,3,1,Alfalfa achicalada,500.0,500.0,0.0,6752.0,13.5,2433.52,16431127.04
2020,140,35,Imuris,3,1,Espárrago,70.0,70.0,0.0,682.0,9.74,33500.0,22847000.0
2020,140,35,Imuris,3,1,Granada,3.0,3.0,0.0,55.0,18.33,13934.09,766374.95
2020,140,35,Imuris,3,1,Nopalitos,3.0,3.0,0.0,132.0,44.0,6632.95,875549.4
2020,140,35,Imuris,3,1,Pera,2.0,2.0,0.0,29.0,14.5,9100.0,263900.0
2020,140,36,Magdalena,1,1,Ajo,6.0,6.0,0.0,48.0,8.0,17000.0,816000.0
2020,140,36,Magdalena,1,1,Avena forrajera en verde,165.0,165.0,0.0,3630.0,22.0,774.52,2811507.6
2020,140,36,Magdalena,1,1,Cebolla,10.0,10.0,0.0,310.0,31.0,4650.0,1441500.0
2020,140,36,Magdalena,1,1,Lechuga,10.0,10.0,0.0,330.0,33.0,3600.0,1188000.0
2020,140,36,Magdalena,1,1,Tomate rojo (jitomate),12.0,12.0,0.0,2050.0,170.83,8300.0,17015000.0
2020,140,36,Magdalena,1,2,Avena forrajera en verde,40.0,40.0,0.0,325.0,8.13,750.0,243750.0
2020,140,36,Magdalena,2,1,Calabacita,8.0,8.0,0.0,145.0,18.13,6670.9,967280.5
2020,140,36,Magdalena,2,1,Chile verde,6.5,6.5,0.0,127.0,19.54,11012.6,1398600.2
2020,140,36,Magdalena,2,1,Elote,20.0,20.0,0.0,183.0,9.15,3525.41,645150.03
2020,140,36,Magdalena,2,1,Frijol,5.0,5.0,0.0,8.0,1.6,18250.0,146000.0
2020,140,36,Magdalena,2,1,Papa,128.0,128.0,0.0,5376.0,42.0,7768.91,41765660.16
2020,140,36,Magdalena,2,1,Sorgo forrajero en verde,80.0,80.0,0.0,1350.0,16.88,850.0,1147500.0
2020,140,36,Magdalena,2,1,Tomate rojo (jitomate),5.0,5.0,0.0,595.0,119.0,8500.0,5057500.0
2020,140,36,Magdalena,2,1,Tomate verde,17.0,17.0,0.0,505.0,29.71,4267.33,2155000.0
2020,140,36,Magdalena,2,1,Zempoalxochitl,3.5,3.5,0.0,30.0,8.57,5100.0,153000.0
2020,140,36,Magdalena,2,2,Sorgo forrajero en verde,80.0,40.0,40.0,280.0,7.0,850.0,238000.0
2020,140,36,Magdalena,3,1,Alfalfa achicalada,460.0,460.0,0.0,6160.0,13.39,2313.12,14248819.2
2020,140,36,Magdalena,3,1,Durazno,2.0,2.0,0.0,32.5,16.25,13880.77,451125.03
2020,140,36,Magdalena,3,1,Granada,2.0,2.0,0.0,37.5,18.75,14196.67,532375.13
2020,140,36,Magdalena,3,1,Nopalitos,2.0,2.0,0.0,79.0,39.5,6567.09,518800.11
2020,140,36,Magdalena,3,1,Nuez,39.5,22.0,0.0,38.5,1.75,87025.97,3350499.85
2020,140,43,Nogales,1,1,Avena forrajera en verde,66.0,66.0,0.0,1480.0,22.42,799.04,1182579.2
2020,140,43,Nogales,1,2,Avena forrajera en verde,30.0,30.0,0.0,255.0,8.5,800.0,204000.0
2020,140,43,Nogales,2,1,Calabacita,3.0,3.0,0.0,61.0,20.33,6302.46,384450.06
2020,140,43,Nogales,2,1,Frijol,4.0,4.0,0.0,7.0,1.75,18642.86,130500.02
2020,140,43,Nogales,2,1,Lechuga,4.0,4.0,0.0,95.0,23.75,4200.0,399000.0
2020,140,43,Nogales,2,1,Sorgo forrajero en verde,70.0,70.0,0.0,1210.0,17.29,864.14,1045609.4
2020,140,43,Nogales,2,2,Sorgo forrajero en verde,20.0,20.0,0.0,80.0,4.0,850.0,68000.0
2020,140,43,Nogales,3,1,Alfalfa achicalada,90.0,90.0,0.0,1250.0,13.89,2467.46,3084325.0
2020,140,59,Santa Cruz,1,1,Avena forrajera en verde,75.0,75.0,0.0,1695.0,22.6,804.44,1363525.8
2020,140,59,Santa Cruz,2,1,Calabacita,6.0,6.0,0.0,131.0,21.83,6372.14,834750.34
2020,140,59,Santa Cruz,2,1,Cebolla,14.0,14.0,0.0,311.0,22.21,5103.54,1587199.69
2020,140,59,Santa Cruz,2,1,Elote,12.0,12.0,0.0,108.0,9.0,3980.0,429840.0
2020,140,59,Santa Cruz,2,1,Lechuga,11.0,11.0,0.0,286.0,26.0,4150.0,1186900.0
2020,140,59,Santa Cruz,2,1,Sorgo forrajero en verde,72.0,72.0,0.0,1245.0,17.29,850.0,1058250.0
2020,140,59,Santa Cruz,2,2,Sorgo forrajero en verde,30.0,15.0,15.0,110.0,7.33,850.0,93500.0
2020,140,59,Santa Cruz,3,1,Alfalfa achicalada,250.0,250.0,0.0,3310.0,13.24,2479.31,8206516.1
2020,140,16,Benjamín Hill,1,1,Avena forrajera en verde,45.0,45.0,0.0,1012.0,22.49,825.0,834900.0
2020,140,16,Benjamín Hill,1,2,Avena forrajera en verde,20.0,20.0,0.0,160.0,8.0,750.0,120000.0
2020,140,16,Benjamín Hill,2,1,Elote,8.0,8.0,0.0,63.0,7.88,3987.62,251220.06
2020,140,16,Benjamín Hill,2,1,Papa,110.0,110.0,0.0,4510.0,41.0,8020.47,36172319.7
2020,140,16,Benjamín Hill,2,1,Sorgo forrajero en verde,30.0,30.0,0.0,485.0,16.17,858.71,416474.35
2020,140,16,Benjamín Hill,2,2,Sorgo forrajero en verde,30.0,15.0,15.0,45.0,3.0,850.0,38250.0
2020,140,16,Benjamín Hill,3,1,Alfalfa achicalada,35.0,35.0,0.0,495.0,14.14,2288.42,1132767.9
2020,140,16,Benjamín Hill,3,1,Nuez,199.58,199.58,0.0,355.0,1.78,85913.43,30499267.65
2020,140,58,Santa Ana,1,1,Ajo,3.0,3.0,0.0,23.0,7.67,18500.0,425500.0
2020,140,58,Santa Ana,1,1,Avena forrajera en verde,320.0,320.0,0.0,7010.0,21.91,799.56,5604915.6
2020,140,58,Santa Ana,1,1,Cebolla,12.0,12.0,0.0,268.0,22.33,4111.94,1102000.0
2020,140,58,Santa Ana,1,1,Lechuga,2.5,2.5,0.0,78.0,31.2,4200.0,327600.0
2020,140,58,Santa Ana,1,1,Pepino,40.0,40.0,0.0,5507.79,137.69,7950.0,43786930.5
2020,140,58,Santa Ana,1,2,Avena forrajera en verde,30.0,30.0,0.0,256.0,8.53,750.0,192000.0
2020,140,58,Santa Ana,2,1,Chile verde,6.0,6.0,0.0,110.0,18.33,10454.55,1150000.5
2020,140,58,Santa Ana,2,1,Elote,10.0,10.0,0.0,83.0,8.3,3850.0,319550.0
2020,140,58,Santa Ana,2,1,Frijol,3.0,3.0,0.0,6.0,2.0,18350.0,110100.0
2020,140,58,Santa Ana,2,1,Papa,15.0,15.0,0.0,650.0,43.33,7986.92,5191498.0
2020,140,58,Santa Ana,2,1,Sorgo forrajero en verde,120.0,120.0,0.0,2076.0,17.3,856.05,1777159.8
2020,140,58,Santa Ana,2,2,Sorgo forrajero en verde,18.0,10.0,8.0,32.0,3.2,850.0,27200.0
2020,140,58,Santa Ana,3,1,Alfalfa achicalada,625.0,625.0,0.0,8310.0,13.3,2361.55,19624480.5
2020,140,58,Santa Ana,3,1,Nopalitos,1.0,1.0,0.0,50.3,50.3,6932.0,348679.6
2020,140,58,Santa Ana,3,1,Nuez,12.7,6.7,0.0,13.0,1.94,88000.0,1144000.0
2020,140,64,Trincheras,1,1,Avena forrajera en verde,85.0,85.0,0.0,1900.0,22.35,853.68,1621992.0
2020,140,64,Trincheras,1,1,Cebolla,8.0,8.0,0.0,305.0,38.13,4050.0,1235250.0
2020,140,64,Trincheras,1,1,Trigo grano,200.0,200.0,0.0,1150.0,5.75,4700.0,5405000.0
2020,140,64,Trincheras,1,2,Avena forrajera en verde,15.0,15.0,0.0,130.0,8.67,800.0,104000.0
2020,140,64,Trincheras,2,1,Elote,6.0,6.0,0.0,52.0,8.67,3850.0,200200.0
2020,140,64,Trincheras,2,1,Papa,140.0,140.0,0.0,6010.0,42.93,8250.0,49582500.0
2020,140,64,Trincheras,2,1,Sorgo forrajero en verde,195.0,195.0,0.0,3450.0,17.69,852.2,2940090.0
2020,140,64,Trincheras,2,1,Sorgo grano,10.0,10.0,0.0,38.0,3.8,4100.0,155800.0
2020,140,64,Trincheras,2,2,Sorgo forrajero en verde,15.0,0.0,15.0,0.0,0.0,0.0,0.0
2020,140,64,Trincheras,3,1,Alfalfa achicalada,430.0,430.0,0.0,5952.0,13.84,2423.42,14424195.84
2020,140,64,Trincheras,3,1,Nuez,286.0,286.0,0.0,510.0,1.78,70000.0,35700000.0
2020,141,2,Agua Prieta,1,1,Ajo,11.0,11.0,0.0,77.0,7.0,13811.69,1063500.13
2020,141,2,Agua Prieta,1,1,Avena forrajera en verde,205.0,205.0,0.0,4305.0,21.0,789.72,3399744.6
2020,141,2,Agua Prieta,2,1,Chile verde,55.0,55.0,0.0,940.0,17.09,9184.31,8633251.4
2020,141,2,Agua Prieta,2,1,Frijol,32.0,32.0,0.0,33.0,1.03,18600.0,613800.0
2020,141,2,Agua Prieta,2,1,Maíz grano,95.0,95.0,0.0,380.0,4.0,5100.0,1938000.0
2020,141,2,Agua Prieta,2,1,Sorgo forrajero en verde,305.0,305.0,0.0,6410.0,21.02,859.17,5507279.7
2020,141,2,Agua Prieta,3,1,Alfalfa achicalada,210.0,210.0,0.0,3005.0,14.31,2496.47,7501892.35
2020,141,27,Fronteras,1,1,Ajo,17.0,17.0,0.0,124.0,7.29,13626.29,1689659.96
2020,141,27,Fronteras,1,1,Avena forrajera en verde,470.0,470.0,0.0,9919.1,21.1,790.36,7839659.88
2020,141,27,Fronteras,1,1,Trigo grano,107.0,107.0,0.0,556.4,5.2,4700.0,2615080.0
2020,141,27,Fronteras,2,1,Calabacita,40.0,40.0,0.0,590.0,14.75,4750.85,2803001.5
2020,141,27,Fronteras,2,1,Chile verde,75.0,75.0,0.0,1210.0,16.13,8609.59,10417603.9
2020,141,27,Fronteras,2,1,Frijol,35.0,35.0,0.0,42.0,1.2,18000.0,756000.0
2020,141,27,Fronteras,2,1,Maíz grano,325.0,325.0,0.0,1510.0,4.65,5100.0,7701000.0
2020,141,27,Fronteras,2,1,Sandía,91.0,91.0,0.0,3220.0,35.38,2986.96,9618011.2
2020,141,27,Fronteras,2,1,Sorgo forrajero en verde,720.0,720.0,0.0,14450.0,20.07,852.6,12320070.0
2020,141,27,Fronteras,2,1,Tomate rojo (jitomate),5.0,5.0,0.0,115.0,23.0,6500.0,747500.0
2020,141,27,Fronteras,2,1,Tomate verde,105.0,105.0,0.0,2235.0,21.29,5550.0,12404250.0
2020,141,27,Fronteras,3,1,Alfalfa achicalada,520.0,520.0,0.0,7310.0,14.06,2607.45,19060459.5
2020,141,27,Fronteras,3,1,Nuez,208.0,109.0,0.0,192.0,1.76,86828.13,16671000.96
2020,141,11,Bacoachi,1,1,Ajo,48.0,48.0,0.0,350.0,7.29,12677.26,4437041.0
2020,141,11,Bacoachi,1,1,Avena forrajera en verde,155.0,155.0,0.0,2945.0,19.0,780.07,2297306.15
2020,141,11,Bacoachi,1,1,Cebolla,15.0,15.0,0.0,305.0,20.33,4500.0,1372500.0
2020,141,11,Bacoachi,2,1,Chile verde,15.0,15.0,0.0,210.0,14.0,6950.0,1459500.0
2020,141,11,Bacoachi,2,1,Frijol,27.0,27.0,0.0,34.0,1.26,18200.0,618800.0
2020,141,11,Bacoachi,2,1,Maíz grano,50.0,50.0,0.0,214.5,4.29,5100.0,1093950.0
2020,141,11,Bacoachi,2,1,Sorgo forrajero en verde,250.0,250.0,0.0,5395.0,21.58,855.27,4614181.65
2020,141,11,Bacoachi,3,1,Alfalfa achicalada,190.0,190.0,0.0,2610.0,13.74,2626.27,6854564.7
2020,141,19,Cananea,1,1,Ajo,13.5,13.5,0.0,95.9,7.1,12899.89,1237099.45
2020,141,19,Cananea,1,1,Avena forrajera en verde,75.0,75.0,0.0,1350.0,18.0,804.21,1085683.5
2020,141,19,Cananea,2,1,Calabacita,15.0,15.0,0.0,220.0,14.67,6350.0,1397000.0
2020,141,19,Cananea,2,1,Cebolla,10.0,10.0,0.0,190.0,19.0,4607.37,875400.3
2020,141,19,Cananea,2,1,Papa,41.0,41.0,0.0,1160.0,28.29,7094.16,8229225.6
2020,141,19,Cananea,2,1,Sorgo forrajero en verde,65.0,65.0,0.0,1450.0,22.31,850.0,1232500.0
2020,141,19,Cananea,3,1,Alfalfa achicalada,200.0,200.0,0.0,2810.0,14.05,2602.42,7312800.2
2020,141,19,Cananea,3,1,Nuez,15.0,15.0,0.0,26.0,1.73,88000.0,2288000.0
2020,141,19,Cananea,3,1,Uva,25.0,25.0,0.0,385.0,15.4,5300.0,2040500.0
2020,141,39,Naco,1,1,Ajo,20.0,20.0,0.0,150.0,7.5,13280.33,1992049.5
2020,141,39,Naco,1,1,Avena forrajera en verde,60.0,60.0,0.0,1125.0,18.75,793.47,892653.75
2020,141,39,Naco,2,1,Sandía,25.0,25.0,0.0,905.0,36.2,2820.0,2552100.0
2020,141,39,Naco,2,1,Sorgo forrajero en verde,40.0,40.0,0.0,975.0,24.38,845.0,823875.0
2020,141,39,Naco,3,1,Alfalfa achicalada,160.0,160.0,0.0,2110.0,13.19,2655.53,5603168.3
2020,141,39,Naco,3,1,Nuez,15.0,15.0,0.0,27.0,1.8,88000.0,2376000.0
2020,142,45,Opodepe,1,1,Avena forrajera en verde,182.0,170.0,12.0,7021.0,41.3,554.06,3890055.26
2020,142,45,Opodepe,1,1,Trigo grano,29.0,29.0,0.0,160.0,5.52,4520.0,723200.0
2020,142,45,Opodepe,2,1,Frijol,5.0,5.0,0.0,8.2,1.64,19580.0,160556.0
2020,142,45,Opodepe,2,1,Maíz grano,15.0,15.0,0.0,59.0,3.93,5178.81,305549.79
2020,142,45,Opodepe,2,1,Sorgo forrajero en verde,125.0,125.0,0.0,5005.0,40.04,738.31,3695241.55
2020,142,45,Opodepe,2,2,Maíz grano,6.0,0.0,6.0,0.0,0.0,0.0,0.0
2020,142,45,Opodepe,2,2,Sorgo forrajero en verde,75.0,0.0,75.0,0.0,0.0,0.0,0.0
2020,142,45,Opodepe,2,2,Sorgo grano,15.0,0.0,15.0,0.0,0.0,0.0,0.0
2020,142,45,Opodepe,3,1,Alfalfa achicalada,140.0,140.0,0.0,1955.0,13.96,3395.4,6638007.0
2020,142,45,Opodepe,3,1,Nuez,186.5,136.5,0.0,244.0,1.79,86735.66,21163501.04
2020,142,50,Rayón,1,1,Avena forrajera en verde,175.0,150.0,25.0,6300.0,42.0,422.66,2662758.0
2020,142,50,Rayón,1,1,Trigo grano,205.0,205.0,0.0,1168.0,5.7,4570.0,5337760.0
2020,142,50,Rayón,2,1,Frijol,10.0,10.0,0.0,15.0,1.5,19850.0,297750.0
2020,142,50,Rayón,2,1,Maíz grano,20.0,20.0,0.0,76.0,3.8,5150.0,391400.0
2020,142,50,Rayón,2,1,Sorgo forrajero en verde,170.0,170.0,0.0,6985.0,41.09,742.1,5183568.5
2020,142,50,Rayón,2,2,Maíz grano,11.0,0.0,11.0,0.0,0.0,0.0,0.0
2020,142,50,Rayón,2,2,Sorgo forrajero en verde,42.0,0.0,42.0,0.0,0.0,0.0,0.0
2020,142,50,Rayón,2,2,Sorgo grano,17.0,0.0,17.0,0.0,0.0,0.0,0.0
2020,142,50,Rayón,3,1,Agave,12.0,0.0,0.0,0.0,0.0,0.0,0.0
2020,142,50,Rayón,3,1,Alfalfa achicalada,355.0,355.0,0.0,4985.0,14.04,3404.63,16972080.55
2020,142,66,Ures,1,1,Ajo,65.0,45.0,20.0,351.0,7.8,18500.0,6493500.0
2020,142,66,Ures,1,1,Avena forrajera en verde,310.0,233.0,77.0,9879.2,42.4,427.84,4226716.93
2020,142,66,Ures,1,1,Cebolla,2.0,2.0,0.0,40.0,20.0,3800.0,152000.0
2020,142,66,Ures,1,1,Trigo grano,91.0,91.0,0.0,520.0,5.71,4570.0,2376400.0
2020,142,66,Ures,2,1,Calabacita,12.0,12.0,0.0,280.0,23.33,5850.0,1638000.0
2020,142,66,Ures,2,1,Chile verde,10.0,10.0,0.0,80.0,8.0,12500.0,1000000.0
2020,142,66,Ures,2,1,Frijol,9.0,9.0,0.0,15.0,1.67,19500.0,292500.0
2020,142,66,Ures,2,1,Maíz grano,125.0,125.0,0.0,492.0,3.94,5159.76,2538601.92
2020,142,66,Ures,2,1,Sorgo forrajero en verde,380.0,380.0,0.0,16625.0,43.75,761.65,12662431.25
2020,142,66,Ures,2,1,Sorgo grano,30.0,30.0,0.0,101.0,3.37,4700.0,474700.0
2020,142,66,Ures,2,2,Maíz grano,15.0,0.0,15.0,0.0,0.0,0.0,0.0
2020,142,66,Ures,2,2,Sorgo forrajero en verde,166.0,0.0,166.0,0.0,0.0,0.0,0.0
2020,142,66,Ures,2,2,Sorgo grano,90.0,0.0,90.0,0.0,0.0,0.0,0.0
2020,142,66,Ures,3,1,Agave,11.0,0.0,0.0,0.0,0.0,0.0,0.0
2020,142,66,Ures,3,1,Alfalfa achicalada,585.0,585.0,0.0,8737.25,14.94,3433.03,29995241.37
2020,142,66,Ures,3,1,Nuez,247.0,211.0,0.0,370.0,1.75,86513.51,32009998.7
2020,142,66,Ures,3,1,Uva,15.0,15.0,0.0,20.0,1.33,4100.0,82000.0
2020,142,1,Aconchi,1,1,Ajo,4.0,4.0,0.0,27.1,6.78,19000.0,514900.0
2020,142,1,Aconchi,1,1,Avena forrajera en verde,98.0,98.0,0.0,4018.0,41.0,420.0,1687560.0
2020,142,1,Aconchi,2,1,Chile verde,4.0,4.0,0.0,32.0,8.0,12500.0,400000.0
2020,142,1,Aconchi,2,1,Frijol,6.0,6.0,0.0,9.0,1.5,19500.0,175500.0
2020,142,1,Aconchi,2,1,Maíz grano,35.0,35.0,0.0,135.0,3.86,5248.15,708500.25
2020,142,1,Aconchi,2,1,Sorgo forrajero en verde,128.0,128.0,0.0,5194.0,40.58,803.56,4173690.64
2020,142,1,Aconchi,2,1,Sorgo grano,10.0,10.0,0.0,38.0,3.8,4800.0,182400.0
2020,142,1,Aconchi,2,2,Maíz grano,4.0,0.0,4.0,0.0,0.0,0.0,0.0
2020,142,1,Aconchi,2,2,Sorgo forrajero en verde,24.0,0.0,24.0,0.0,0.0,0.0,0.0
2020,142,1,Aconchi,2,2,Sorgo grano,7.0,0.0,7.0,0.0,0.0,0.0,0.0
2020,142,1,Aconchi,3,1,Alfalfa achicalada,175.0,175.0,0.0,2410.0,13.77,3351.72,8077645.2
2020,142,1,Aconchi,3,1,Nuez,25.0,4.0,0.0,7.0,1.75,90005.0,630035.0
2020,142,6,Arizpe,1,1,Ajo,333.0,293.0,40.0,2198.0,7.5,19000.0,41762000.0
2020,142,6,Arizpe,1,1,Avena forrajera en verde,80.0,80.0,0.0,3184.0,39.8,410.0,1305440.0
2020,142,6,Arizpe,1,1,Cebolla,4.5,4.5,0.0,90.0,20.0,4000.0,360000.0
2020,142,6,Arizpe,2,1,Calabacita,5.0,5.0,0.0,95.0,19.0,5850.0,555750.0
2020,142,6,Arizpe,2,1,Chile verde,8.0,8.0,0.0,56.0,7.0,13150.0,736400.0
2020,142,6,Arizpe,2,1,Frijol,5.0,5.0,0.0,7.0,1.4,19800.0,138600.0
2020,142,6,Arizpe,2,1,Maíz grano,32.0,32.0,0.0,125.0,3.91,5324.0,665500.0
2020,142,6,Arizpe,2,1,Sorgo forrajero en verde,240.0,240.0,0.0,9758.0,40.66,783.92,7649491.36
2020,142,6,Arizpe,2,2,Maíz grano,15.0,0.0,15.0,0.0,0.0,0.0,0.0
2020,142,6,Arizpe,2,2,Sorgo forrajero en verde,24.0,0.0,24.0,0.0,0.0,0.0,0.0
2020,142,6,Arizpe,2,2,Sorgo grano,15.0,0.0,15.0,0.0,0.0,0.0,0.0
2020,142,6,Arizpe,3,1,Alfalfa achicalada,282.0,282.0,0.0,3758.0,13.33,3332.26,12522633.08
2020,142,6,Arizpe,3,1,Nuez,457.0,427.0,0.0,770.0,1.8,87113.64,67077502.8
2020,142,13,Banámichi,1,1,Ajo,6.0,6.0,0.0,41.0,6.83,18700.0,766700.0
2020,142,13,Banámichi,1,1,Avena forrajera en verde,85.0,68.0,17.0,2720.0,40.0,418.0,1136960.0
2020,142,13,Banámichi,2,1,Frijol,1.5,1.5,0.0,2.09,1.39,19802.51,41387.25
2020,142,13,Banámichi,2,1,Maíz grano,10.0,10.0,0.0,36.0,3.6,5200.0,187200.0
2020,142,13,Banámichi,2,1,Sorgo forrajero en verde,50.0,50.0,0.0,2045.0,40.9,764.49,1563382.05
2020,142,13,Banámichi,2,1,Sorgo grano,4.0,4.0,0.0,13.0,3.25,4800.0,62400.0
2020,142,13,Banámichi,2,2,Maíz grano,4.3,0.0,4.3,0.0,0.0,0.0,0.0
2020,142,13,Banámichi,2,2,Sorgo forrajero en verde,5.5,0.0,5.5,0.0,0.0,0.0,0.0
2020,142,13,Banámichi,2,2,Sorgo grano,7.0,0.0,7.0,0.0,0.0,0.0,0.0
2020,142,13,Banámichi,3,1,Alfalfa achicalada,148.0,148.0,0.0,2050.0,13.85,3338.35,6843617.5
2020,142,13,Banámichi,3,1,Nuez,244.0,172.0,0.0,305.0,1.77,87314.1,26630800.5
2020,142,14,Baviácora,1,1,Ajo,2.8,2.8,0.0,20.0,7.14,19200.0,384000.0
2020,142,14,Baviácora,1,1,Avena forrajera en verde,70.0,56.0,14.0,2268.0,40.5,425.0,963900.0
2020,142,14,Baviácora,2,1,Chile verde,4.0,4.0,0.0,33.0,8.25,12500.0,412500.0
2020,142,14,Baviácora,2,1,Frijol,5.0,5.0,0.0,7.5,1.5,19850.0,148875.0
2020,142,14,Baviácora,2,1,Maíz grano,11.0,11.0,0.0,43.0,3.91,5146.51,221299.93
2020,142,14,Baviácora,2,1,Sorgo forrajero en verde,102.0,102.0,0.0,4350.0,42.65,764.6,3326010.0
2020,142,14,Baviácora,2,2,Maíz grano,4.0,0.0,4.0,0.0,0.0,0.0,0.0
2020,142,14,Baviácora,2,2,Sorgo forrajero en verde,20.0,0.0,20.0,0.0,0.0,0.0,0.0
2020,142,14,Baviácora,2,2,Sorgo grano,7.0,0.0,7.0,0.0,0.0,0.0,0.0
2020,142,14,Baviácora,3,1,Alfalfa achicalada,248.0,248.0,0.0,3275.0,13.21,3351.69,10976784.75
2020,142,14,Baviácora,3,1,Nuez,20.0,20.0,0.0,35.8,1.79,88300.0,3161140.0
2020,142,34,Huépac,1,1,Ajo,22.0,22.0,0.0,135.0,6.14,18900.0,2551500.0
2020,142,34,Huépac,1,1,Avena forrajera en verde,92.0,80.0,12.0,3264.0,40.8,422.0,1377408.0
2020,142,34,Huépac,2,1,Calabacita,2.5,2.5,0.0,42.0,16.8,5500.0,231000.0
2020,142,34,Huépac,2,1,Chile verde,3.0,3.0,0.0,24.0,8.0,12500.0,300000.0
2020,142,34,Huépac,2,1,Frijol,3.0,3.0,0.0,5.0,1.67,19550.0,97750.0
2020,142,34,Huépac,2,1,Maíz grano,15.0,15.0,0.0,58.0,3.87,5125.0,297250.0
2020,142,34,Huépac,2,1,Sorgo forrajero en verde,105.0,105.0,0.0,4504.0,42.9,750.0,3378000.0
2020,142,34,Huépac,2,2,Maíz grano,6.0,0.0,6.0,0.0,0.0,0.0,0.0
2020,142,34,Huépac,2,2,Sorgo forrajero en verde,12.0,0.0,12.0,0.0,0.0,0.0,0.0
2020,142,34,Huépac,2,2,Sorgo grano,2.0,0.0,2.0,0.0,0.0,0.0,0.0
2020,142,34,Huépac,3,1,Alfalfa achicalada,210.0,210.0,0.0,2810.0,13.38,3356.37,9431399.7
2020,142,34,Huépac,3,1,Nuez,243.0,243.0,0.0,437.0,1.8,86962.24,38002498.88
2020,142,53,San Felipe de Jesús,1,1,Ajo,3.5,3.5,0.0,22.0,6.29,19000.0,418000.0
2020,142,53,San Felipe de Jesús,1,1,Avena forrajera en verde,66.0,66.0,0.0,2666.4,40.4,423.0,1127887.2
2020,142,53,San Felipe de Jesús,2,1,Chile verde,3.0,3.0,0.0,20.0,6.67,12500.0,250000.0
2020,142,53,San Felipe de Jesús,2,1,Frijol,1.5,1.5,0.0,2.5,1.67,19800.0,49500.0
2020,142,53,San Felipe de Jesús,2,1,Maíz grano,6.0,6.0,0.0,23.5,3.92,5250.0,123375.0
2020,142,53,San Felipe de Jesús,2,1,Sorgo forrajero en verde,40.0,40.0,0.0,1650.0,41.25,780.0,1287000.0
2020,142,53,San Felipe de Jesús,2,2,Maíz grano,3.0,0.0,3.0,0.0,0.0,0.0,0.0
2020,142,53,San Felipe de Jesús,2,2,Sorgo forrajero en verde,7.0,0.0,7.0,0.0,0.0,0.0,0.0
2020,142,53,San Felipe de Jesús,2,2,Sorgo grano,5.0,0.0,5.0,0.0,0.0,0.0,0.0
2020,142,53,San Felipe de Jesús,3,1,Alfalfa achicalada,111.0,111.0,0.0,1512.0,13.62,3317.37,5015863.44
2020,143,23,Cumpas,1,1,Ajo,5.0,5.0,0.0,28.0,5.6,14500.0,406000.0
2020,143,23,Cumpas,1,1,Avena forrajera en verde,95.0,70.0,25.0,1348.0,19.26,623.78,840855.44
2020,143,23,Cumpas,1,1,Trigo grano,21.0,16.0,5.0,65.6,4.1,5100.0,334560.0
2020,143,23,Cumpas,2,1,Chile verde,3.0,3.0,0.0,27.0,9.0,7700.0,207900.0
2020,143,23,Cumpas,2,1,Frijol,6.0,6.0,0.0,6.9,1.15,17291.3,119309.97
2020,143,23,Cumpas,2,1,Maíz forrajero en verde,20.0,20.0,0.0,284.0,14.2,580.63,164898.92
2020,143,23,Cumpas,2,1,Maíz grano,7.0,7.0,0.0,28.0,4.0,5067.86,141900.08
2020,143,23,Cumpas,2,1,Sorgo forrajero en verde,450.0,450.0,0.0,7200.0,16.0,669.69,4821768.0
2020,143,23,Cumpas,2,2,Maíz forrajero en verde,5.0,3.0,2.0,13.5,4.5,590.0,7965.0
2020,143,23,Cumpas,2,2,Sorgo forrajero en verde,170.0,50.0,120.0,265.0,5.3,600.0,159000.0
2020,143,23,Cumpas,3,1,Alfalfa achicalada,200.0,200.0,0.0,2600.0,13.0,2931.79,7622654.0
2020,143,23,Cumpas,3,1,Nuez,13.0,0.0,0.0,0.0,0.0,0.0,0.0
2020,143,24,Divisaderos,1,1,Avena forrajera en verde,53.0,53.0,0.0,1325.0,25.0,617.76,818532.0
2020,143,24,Divisaderos,2,1,Maíz forrajero en verde,10.0,10.0,0.0,130.0,13.0,605.38,78699.4
2020,143,24,Divisaderos,2,1,Sorgo forrajero en verde,100.0,100.0,0.0,1530.0,15.3,653.76,1000252.8
2020,143,24,Divisaderos,2,2,Maíz forrajero en verde,5.0,2.0,3.0,9.0,4.5,550.0,4950.0
2020,143,24,Divisaderos,2,2,Sorgo forrajero en verde,120.0,40.0,80.0,200.0,5.0,520.0,104000.0
2020,143,38,Moctezuma,1,1,Ajo,2.8,2.8,0.0,15.4,5.5,13800.0,212520.0
2020,143,38,Moctezuma,1,1,Avena forrajera en verde,70.0,56.0,14.0,1100.8,19.66,629.28,692711.42
2020,143,38,Moctezuma,2,1,Frijol,3.0,3.0,0.0,3.3,1.1,17363.64,57300.01
2020,143,38,Moctezuma,2,1,Maíz forrajero en verde,18.0,18.0,0.0,261.0,14.5,611.69,159651.09
2020,143,38,Moctezuma,2,1,Maíz grano,5.0,5.0,0.0,18.5,3.7,5048.65,93400.03
2020,143,38,Moctezuma,2,1,Sorgo forrajero en verde,190.0,190.0,0.0,2945.0,15.5,656.45,1933245.25
2020,143,38,Moctezuma,2,2,Maíz forrajero en verde,5.0,2.0,3.0,8.0,4.0,525.0,4200.0
2020,143,38,Moctezuma,2,2,Sorgo forrajero en verde,250.0,50.0,200.0,250.0,5.0,620.0,155000.0
2020,143,38,Moctezuma,3,1,Alfalfa achicalada,200.0,200.0,0.0,2740.0,13.7,2961.9,8115606.0
2020,143,38,Moctezuma,3,1,Nuez,6.0,6.0,0.0,8.7,1.45,83000.0,722100.0
2020,143,63,Tepache,1,1,Avena forrajera en verde,23.0,23.0,0.0,575.0,25.0,622.0,357650.0
2020,143,63,Tepache,2,1,Maíz forrajero en verde,10.0,10.0,0.0,120.0,12.0,610.0,73200.0
2020,143,63,Tepache,2,1,Sorgo forrajero en verde,25.0,25.0,0.0,412.5,16.5,650.0,268125.0
2020,143,63,Tepache,2,2,Maíz forrajero en verde,5.0,2.0,3.0,8.0,4.0,550.0,4400.0
2020,143,63,Tepache,2,2,Sorgo forrajero en verde,40.0,15.0,25.0,76.5,5.1,580.0,44370.0
2020,143,63,Tepache,3,1,Alfalfa achicalada,10.0,10.0,0.0,136.3,13.63,2975.81,405602.9
2020,143,28,Granados,1,1,Avena forrajera en verde,35.0,15.0,20.0,348.0,23.2,615.0,214020.0
2020,143,28,Granados,2,1,Frijol,1.5,1.5,0.0,1.05,0.7,17500.0,18375.0
2020,143,28,Granados,2,1,Maíz grano,5.0,5.0,0.0,21.3,4.26,5128.05,109227.47
2020,143,28,Granados,2,1,Sorgo forrajero en verde,50.0,50.0,0.0,770.0,15.4,623.33,479964.1
2020,143,28,Granados,2,2,Sorgo forrajero en verde,15.0,5.0,10.0,24.0,4.8,560.0,13440.0
2020,143,28,Granados,3,1,Alfalfa achicalada,120.0,120.0,0.0,1600.0,13.33,2779.88,4447808.0
2020,143,32,Huásabas,1,1,Avena forrajera en verde,26.0,8.0,18.0,190.4,23.8,616.0,117286.4
2020,143,32,Huásabas,2,1,Sorgo forrajero en verde,20.0,20.0,0.0,284.0,14.2,634.19,180109.96
2020,143,32,Huásabas,2,2,Sorgo forrajero en verde,7.0,2.0,5.0,9.0,4.5,550.0,4950.0
2020,143,32,Huásabas,3,1,Alfalfa achicalada,157.0,157.0,0.0,2100.0,13.38,2770.77,5818617.0
2020,143,32,Huásabas,3,1,Nuez,2.5,0.0,0.0,0.0,0.0,0.0,0.0
2020,143,67,Villa Hidalgo,1,1,Avena forrajera en verde,29.0,9.0,20.0,219.6,24.4,613.0,134614.8
2020,143,67,Villa Hidalgo,2,1,Frijol,2.0,2.0,0.0,2.4,1.2,17300.0,41520.0
2020,143,67,Villa Hidalgo,2,1,Maíz grano,5.0,5.0,0.0,20.0,4.0,5100.0,102000.0
2020,143,67,Villa Hidalgo,2,1,Sorgo forrajero en verde,100.0,100.0,0.0,1520.0,15.2,660.0,1003200.0
2020,143,67,Villa Hidalgo,2,2,Sorgo forrajero en verde,30.0,10.0,20.0,49.0,4.9,600.0,29400.0
2020,143,67,Villa Hidalgo,3,1,Alfalfa achicalada,154.0,154.0,0.0,2100.0,13.64,2789.45,5857845.0
2020,143,67,Villa Hidalgo,3,1,Nuez,34.0,31.0,0.0,49.6,1.6,84000.0,4166400.0
2020,143,8,Bacadéhuachi,1,1,Avena forrajera en verde,42.0,42.0,0.0,974.4,23.2,610.0,594384.0
2020,143,8,Bacadéhuachi,2,1,Frijol,9.0,9.0,0.0,9.45,1.05,17318.52,163660.01
2020,143,8,Bacadéhuachi,2,1,Maíz forrajero en verde,12.0,12.0,0.0,192.0,16.0,631.77,121299.84
2020,143,8,Bacadéhuachi,2,1,Maíz grano,9.5,9.5,0.0,47.5,5.0,5000.0,237500.0
2020,143,8,Bacadéhuachi,2,1,Sorgo forrajero en verde,50.0,50.0,0.0,748.0,14.96,623.33,466250.84
2020,143,8,Bacadéhuachi,2,2,Frijol,8.0,4.0,4.0,2.4,0.6,16000.0,38400.0
2020,143,8,Bacadéhuachi,2,2,Maíz forrajero en verde,12.0,5.0,7.0,25.0,5.0,550.0,13750.0
2020,143,8,Bacadéhuachi,2,2,Sorgo forrajero en verde,40.0,10.0,30.0,40.0,4.0,600.0,24000.0
2020,143,8,Bacadéhuachi,3,1,Alfalfa achicalada,12.0,12.0,0.0,160.0,13.33,2763.12,442099.2
2020,143,8,Bacadéhuachi,3,1,Nuez,10.0,0.0,0.0,0.0,0.0,0.0,0.0
2020,143,40,Nácori Chico,1,1,Avena forrajera en verde,22.0,22.0,0.0,484.0,22.0,605.0,292820.0
2020,143,40,Nácori Chico,2,1,Frijol,3.0,3.0,0.0,3.6,1.2,17100.0,61560.0
2020,143,40,Nácori Chico,2,1,Maíz forrajero en verde,20.0,20.0,0.0,340.0,17.0,600.0,204000.0
2020,143,40,Nácori Chico,2,1,Sorgo forrajero en verde,90.0,90.0,0.0,1557.0,17.3,620.0,965340.0
2020,143,40,Nácori Chico,2,2,Frijol,3.0,1.0,2.0,0.35,0.35,17000.0,5950.0
2020,143,40,Nácori Chico,2,2,Maíz forrajero en verde,20.0,5.0,15.0,23.5,4.7,510.0,11985.0
2020,143,40,Nácori Chico,2,2,Sorgo forrajero en verde,210.0,60.0,150.0,270.0,4.5,525.0,141750.0
2020,143,40,Nácori Chico,3,1,Alfalfa achicalada,22.0,22.0,0.0,300.0,13.64,2786.79,836037.0
2020,143,10,Bacerac,1,1,Avena forrajera en verde,65.0,25.0,40.0,630.0,25.2,617.0,388710.0
2020,143,10,Bacerac,2,1,Chile verde,5.0,5.0,0.0,47.5,9.5,8500.0,403750.0
2020,143,10,Bacerac,2,1,Frijol,7.0,7.0,0.0,8.05,1.15,17663.64,142192.3
2020,143,10,Bacerac,2,1,Maíz forrajero en verde,15.0,15.0,0.0,187.5,12.5,629.73,118074.38
2020,143,10,Bacerac,2,1,Maíz grano,4.0,4.0,0.0,16.8,4.2,5058.33,84979.94
2020,143,10,Bacerac,2,1,Sorgo forrajero en verde,28.0,28.0,0.0,504.0,18.0,659.17,332221.68
2020,143,10,Bacerac,2,2,Frijol,5.0,2.0,3.0,0.6,0.3,17000.0,10200.0
2020,143,10,Bacerac,2,2,Maíz forrajero en verde,10.0,5.0,5.0,25.0,5.0,550.0,13750.0
2020,143,10,Bacerac,2,2,Sorgo forrajero en verde,20.0,8.0,12.0,44.0,5.5,600.0,26400.0
2020,143,10,Bacerac,3,1,Alfalfa achicalada,115.0,115.0,0.0,1529.5,13.3,2842.59,4347741.41
2020,143,10,Bacerac,3,1,Nuez,134.0,102.75,0.0,154.13,1.5,83500.0,12869855.0
2020,143,15,Bavispe,1,1,Ajo,1.7,0.0,1.7,0.0,0.0,0.0,0.0
2020,143,15,Bavispe,1,1,Avena forrajera en verde,138.0,58.0,80.0,1490.6,25.7,618.0,921190.8
2020,143,15,Bavispe,2,1,Chile verde,9.0,9.0,0.0,82.8,9.2,7788.65,644900.22
2020,143,15,Bavispe,2,1,Frijol,10.0,10.0,0.0,11.8,1.18,17562.71,207239.98
2020,143,15,Bavispe,2,1,Maíz forrajero en verde,10.0,10.0,0.0,125.0,12.5,620.0,77500.0
2020,143,15,Bavispe,2,1,Maíz grano,12.0,12.0,0.0,49.2,4.1,5129.88,252390.1
2020,143,15,Bavispe,2,1,Sorgo forrajero en verde,60.0,60.0,0.0,840.0,14.0,618.54,519573.6
2020,143,15,Bavispe,2,2,Frijol,8.0,4.0,4.0,1.6,0.4,17000.0,27200.0
2020,143,15,Bavispe,2,2,Sorgo forrajero en verde,25.0,5.0,20.0,25.0,5.0,550.0,13750.0
2020,143,15,Bavispe,3,1,Alfalfa achicalada,200.0,200.0,0.0,2690.0,13.45,2882.29,7753360.1
2020,143,15,Bavispe,3,1,Nuez,350.0,247.0,0.0,395.2,1.6,83000.0,32801600.0
2020,143,31,Huachinera,1,1,Avena forrajera en verde,19.0,12.0,7.0,304.8,25.4,614.0,187147.2
2020,143,31,Huachinera,2,1,Chile verde,2.0,2.0,0.0,19.5,9.75,7800.0,152100.0
2020,143,31,Huachinera,2,1,Frijol,12.0,12.0,0.0,12.0,1.0,17500.0,210000.0
2020,143,31,Huachinera,2,1,Maíz forrajero en verde,8.0,8.0,0.0,112.0,14.0,630.36,70600.32
2020,143,31,Huachinera,2,1,Maíz grano,5.0,5.0,0.0,18.5,3.7,5000.0,92500.0
2020,143,31,Huachinera,2,1,Sorgo forrajero en verde,55.0,55.0,0.0,795.0,14.45,636.04,505651.8
2020,143,31,Huachinera,2,2,Frijol,5.0,2.0,3.0,0.8,0.4,17200.0,13760.0
2020,143,31,Huachinera,2,2,Maíz forrajero en verde,4.0,2.0,2.0,10.0,5.0,600.0,6000.0
2020,143,31,Huachinera,2,2,Sorgo forrajero en verde,90.0,20.0,70.0,106.0,5.3,615.0,65190.0
2020,143,31,Huachinera,3,1,Alfalfa achicalada,30.0,30.0,0.0,410.0,13.67,2870.35,1176843.5
2020,143,31,Huachinera,3,1,Nuez,80.0,53.0,0.0,84.8,1.6,83500.0,7080800.0
2020,144,20,Carbó,1,1,Avena forrajera en verde,175.0,175.0,0.0,8085.0,46.2,957.93,7744864.05
2020,144,20,Carbó,1,1,Calabacita,75.0,75.0,0.0,2553.2,34.04,6684.96,17068039.87
2020,144,20,Carbó,1,1,Sandía,65.0,65.0,0.0,2860.0,44.0,4872.72,13935979.2
2020,144,20,Carbó,2,1,Calabacita,115.0,115.0,0.0,2780.0,24.17,5666.01,15751507.8
2020,144,20,Carbó,2,1,Maíz forrajero en verde,54.0,54.0,0.0,2815.0,52.13,1100.0,3096500.0
2020,144,20,Carbó,2,1,Sandía,130.0,130.0,0.0,6898.0,53.06,4795.58,33079910.84
2020,144,20,Carbó,2,1,Sorgo forrajero en verde,110.0,110.0,0.0,4730.0,43.0,889.93,4209368.9
2020,144,20,Carbó,3,1,Alfalfa achicalada,355.0,355.0,0.0,6410.0,18.06,2727.4,17482634.0
2020,144,20,Carbó,3,1,Nuez,378.0,314.0,0.0,570.0,1.82,89657.89,51104997.3
2020,144,20,Carbó,3,1,Uva,1249.0,1099.0,0.0,17858.0,16.25,29490.54,526642063.32
2020,144,30,Hermosillo,1,1,Ajo,58.0,51.5,6.5,483.07,9.38,20041.2,9681302.48
2020,144,30,Hermosillo,1,1,Avena forrajera en verde,610.0,610.0,0.0,28175.0,46.19,966.98,27244661.5
2020,144,30,Hermosillo,1,1,Berenjena,50.0,50.0,0.0,1562.0,31.24,11746.09,18347400.0
2020,144,30,Hermosillo,1,1,Brócoli,10.0,10.0,0.0,180.0,18.0,10250.0,1845000.0
2020,144,30,Hermosillo,1,1,Calabacita,1083.0,1083.0,0.0,36925.88,34.1,6853.46,253070076.3
2020,144,30,Hermosillo,1,1,Cártamo,1879.0,1879.0,0.0,4375.0,2.33,8820.0,38587500.0
2020,144,30,Hermosillo,1,1,Cebolla,26.0,8.0,18.0,110.0,13.75,12100.0,1331000.0
2020,144,30,Hermosillo,1,1,Chile verde,137.0,134.0,3.0,6975.0,52.05,11489.31,80137965.6
2020,144,30,Hermosillo,1,1,Coliflor,4.0,4.0,0.0,144.0,36.0,8500.0,1224000.0
2020,144,30,Hermosillo,1,1,Garbanzo grano,7785.0,7685.0,100.0,18295.0,2.38,16745.51,306359105.45
2020,144,30,Hermosillo,1,1,Lechuga,10.0,10.0,0.0,360.0,36.0,9350.0,3366000.0
2020,144,30,Hermosillo,1,1,Maíz grano,24.0,24.0,0.0,231.0,9.63,4545.83,1050086.73
2020,144,30,Hermosillo,1,1,Melón,365.0,365.0,0.0,9257.0,25.36,8159.61,75533511.5
2020,144,30,Hermosillo,1,1,Pepino,50.0,50.0,0.0,7821.06,156.42,7710.51,60304361.34
2020,144,30,Hermosillo,1,1,Sandía,2796.0,2796.0,0.0,138811.0,49.65,4928.24,684094593.55
2020,144,30,Hermosillo,1,1,Tomate rojo (jitomate),146.0,146.0,0.0,18432.5,126.25,7418.41,136739842.33
2020,144,30,Hermosillo,1,1,Trigo grano,5980.0,5980.0,0.0,40583.0,6.79,4992.88,202625961.84
2020,144,30,Hermosillo,2,1,Berenjena,5.0,5.0,0.0,95.0,19.0,10200.0,969000.0
2020,144,30,Hermosillo,2,1,Calabacita,1100.0,1100.0,0.0,25766.0,23.42,5560.53,143272503.82
2020,144,30,Hermosillo,2,1,Cebolla,6.0,6.0,0.0,72.0,12.0,10704.17,770700.24
2020,144,30,Hermosillo,2,1,Chile verde,367.0,367.0,0.0,23121.95,63.0,11860.45,274236722.4
2020,144,30,Hermosillo,2,1,Frijol,758.0,758.0,0.0,1667.0,2.2,18500.0,30839500.0
2020,144,30,Hermosillo,2,1,Melón,611.0,611.0,0.0,15880.0,25.99,5434.1,86293542.8
2020,144,30,Hermosillo,2,1,Pepino,115.0,115.0,0.0,16230.12,141.13,8550.0,138767526.0
2020,144,30,Hermosillo,2,1,Sandía,2811.0,2811.0,0.0,149220.0,53.08,4951.32,738835278.55
2020,144,30,Hermosillo,2,1,Sorgo forrajero en verde,953.0,953.0,0.0,40026.0,42.0,864.21,34590869.46
2020,144,30,Hermosillo,2,1,Sorgo grano,15.0,15.0,0.0,60.0,4.0,4500.0,270000.0
2020,144,30,Hermosillo,2,1,Tomate verde,20.0,20.0,0.0,425.0,21.25,8100.0,3442500.0
2020,144,30,Hermosillo,3,1,Agave,4.0,0.0,0.0,0.0,0.0,0.0,0.0
2020,144,30,Hermosillo,3,1,Aguacate,7.8,0.0,0.0,0.0,0.0,0.0,0.0
2020,144,30,Hermosillo,3,1,Alfalfa achicalada,2095.0,2095.0,0.0,37450.0,17.88,2737.04,102502148.0
2020,144,30,Hermosillo,3,1,Durazno,145.0,0.0,0.0,0.0,0.0,0.0,0.0
2020,144,30,Hermosillo,3,1,Espárrago,20.0,20.0,0.0,180.0,9.0,35250.0,6345000.0
2020,144,30,Hermosillo,3,1,Limón,15.0,15.0,0.0,385.0,25.67,6500.0,2502500.0
2020,144,30,Hermosillo,3,1,Mandarina,8.0,0.0,0.0,0.0,0.0,0.0,0.0
2020,144,30,Hermosillo,3,1,Naranja,3635.0,3037.0,0.0,97852.0,32.22,5056.23,494762217.96
2020,144,30,Hermosillo,3,1,Nopalitos,40.0,40.0,0.0,680.0,17.0,3222.75,2191470.0
2020,144,30,Hermosillo,3,1,Nuez,9578.0,7500.0,0.0,12850.0,1.71,85101.95,1093560051.65
2020,144,30,Hermosillo,3,1,Toronja (pomelo),220.0,220.0,0.0,7950.0,36.14,4728.06,37588077.0
2020,144,30,Hermosillo,3,1,Uva,9655.0,9655.0,0.0,159610.0,16.53,29116.18,4647232883.4
2020,144,56,San Miguel de Horcasitas,1,1,Avena forrajera en verde,110.0,110.0,0.0,4980.0,45.27,963.37,4797582.6
2020,144,56,San Miguel de Horcasitas,1,1,Calabacita,104.0,102.0,2.0,3273.32,32.09,6840.84,22392253.7
2020,144,56,San Miguel de Horcasitas,1,1,Cebolla,8.0,5.0,3.0,65.0,13.0,12120.77,787850.05
2020,144,56,San Miguel de Horcasitas,1,1,Lechuga,6.0,4.5,1.5,144.0,32.0,4277.77,615998.88
2020,144,56,San Miguel de Horcasitas,2,1,Calabacita,83.0,83.0,0.0,2058.0,24.8,5793.51,11923037.52
2020,144,56,San Miguel de Horcasitas,2,1,Cebolla,6.0,6.0,0.0,62.0,10.33,9650.0,598300.0
2020,144,56,San Miguel de Horcasitas,2,1,Sandía,40.0,40.0,0.0,2088.0,52.2,4885.92,10201800.96
2020,144,56,San Miguel de Horcasitas,2,1,Sorgo grano,195.0,195.0,0.0,819.0,4.2,4500.0,3685500.0
2020,144,56,San Miguel de Horcasitas,3,1,Alfalfa achicalada,275.0,275.0,0.0,4895.0,17.8,2738.6,13405447.0
2020,144,56,San Miguel de Horcasitas,3,1,Nopalitos,4.0,4.0,0.0,72.0,18.0,3235.62,232964.64
2020,144,56,San Miguel de Horcasitas,3,1,Nuez,251.0,165.0,0.0,225.0,1.36,86368.89,19433000.25
2020,144,56,San Miguel de Horcasitas,3,1,Uva,2883.0,2883.0,0.0,47237.0,16.38,29240.08,1381213764.27
2020,145,37,Mazatán,1,1,Avena forrajera en verde,13.0,13.0,0.0,257.4,19.8,718.5,184941.9
2020,145,37,Mazatán,2,1,Sorgo forrajero en verde,20.0,20.0,0.0,650.0,32.5,650.0,422500.0
2020,145,37,Mazatán,2,2,Maíz forrajero en verde,25.0,20.0,5.0,150.0,7.5,610.0,91500.0
2020,145,37,Mazatán,2,2,Sorgo forrajero en verde,750.0,600.0,150.0,3900.0,6.5,580.0,2262000.0
2020,145,37,Mazatán,3,1,Alfalfa achicalada,50.0,50.0,0.0,750.0,15.0,2788.8,2091600.0
2020,145,57,San Pedro de La Cueva,1,1,Avena forrajera en verde,10.0,10.0,0.0,203.0,20.3,736.97,149604.91
2020,145,57,San Pedro de La Cueva,2,1,Sorgo forrajero en verde,25.0,25.0,0.0,812.5,32.5,630.0,511875.0
2020,145,57,San Pedro de La Cueva,2,2,Maíz forrajero en verde,12.0,12.0,0.0,91.2,7.6,615.0,56088.0
2020,145,57,San Pedro de La Cueva,2,2,Sorgo forrajero en verde,330.0,280.0,50.0,1680.0,6.0,619.94,1041499.2
2020,145,57,San Pedro de La Cueva,3,1,Agave,13.0,0.0,0.0,0.0,0.0,0.0,0.0
2020,145,57,San Pedro de La Cueva,3,1,Alfalfa achicalada,140.0,140.0,0.0,2072.0,14.8,2804.73,5811400.56
2020,145,57,San Pedro de La Cueva,3,1,Nuez,1.0,0.0,0.0,0.0,0.0,0.0,0.0
2020,145,68,Villa Pesqueira,1,1,Avena forrajera en verde,7.0,7.0,0.0,128.1,18.3,677.23,86753.16
2020,145,68,Villa Pesqueira,2,2,Maíz forrajero en verde,20.0,16.0,4.0,120.0,7.5,620.0,74400.0
2020,145,68,Villa Pesqueira,2,2,Sorgo forrajero en verde,715.0,630.0,85.0,4725.0,7.5,600.13,2835614.25
2020,145,21,La Colorada,1,1,Avena forrajera en verde,23.0,23.0,0.0,460.0,20.0,695.32,319847.2
2020,145,21,La Colorada,2,1,Sorgo forrajero en verde,85.0,85.0,0.0,2805.0,33.0,642.51,1802240.55
2020,145,21,La Colorada,2,2,Maíz forrajero en verde,50.0,35.0,15.0,257.25,7.35,650.0,167212.5
2020,145,21,La Colorada,2,2,Sorgo forrajero en verde,700.0,300.0,400.0,1800.0,6.0,600.0,1080000.0
2020,145,21,La Colorada,3,1,Alfalfa achicalada,650.0,650.0,0.0,9425.0,14.5,2775.17,26155977.25
2020,145,21,La Colorada,3,1,Nopalitos,2.0,0.0,0.0,0.0,0.0,0.0,0.0
2020,145,21,La Colorada,3,1,Nuez,20.0,7.0,0.0,7.7,1.1,80000.0,616000.0
2020,145,54,San Javier,2,2,Sorgo forrajero en verde,15.0,15.0,0.0,130.5,8.7,615.0,80257.5
2020,145,62,Suaqui Grande,1,1,Avena forrajera en verde,11.0,11.0,0.0,217.8,19.8,713.53,155406.83
2020,145,62,Suaqui Grande,2,1,Sorgo forrajero en verde,15.0,15.0,0.0,495.0,33.0,640.0,316800.0
2020,145,62,Suaqui Grande,2,2,Maíz forrajero en verde,12.0,8.0,4.0,60.8,7.6,630.0,38304.0
2020,145,62,Suaqui Grande,2,2,Sorgo forrajero en verde,50.0,30.0,20.0,180.0,6.0,595.33,107159.4
2020,145,62,Suaqui Grande,3,1,Agave,24.0,0.0,0.0,0.0,0.0,0.0,0.0
2020,145,62,Suaqui Grande,3,1,Alfalfa achicalada,80.0,80.0,0.0,1192.0,14.9,2797.99,3335204.08
2020,145,44,Onavas,1,1,Avena forrajera en verde,12.0,12.0,0.0,243.6,20.3,728.96,177574.66
2020,145,44,Onavas,2,1,Sorgo forrajero en verde,20.0,20.0,0.0,620.0,31.0,640.0,396800.0
2020,145,44,Onavas,2,2,Maíz forrajero en verde,12.0,12.0,0.0,90.0,7.5,625.0,56250.0
2020,145,44,Onavas,2,2,Sorgo forrajero en verde,160.0,120.0,40.0,840.0,7.0,610.48,512803.2
2020,145,44,Onavas,3,1,Alfalfa achicalada,20.0,20.0,0.0,298.0,14.9,2776.51,827399.98
2020,145,61,Soyopa,1,1,Avena forrajera en verde,18.0,18.0,0.0,351.0,19.5,739.63,259610.13
2020,145,61,Soyopa,2,1,Sorgo forrajero en verde,15.0,15.0,0.0,496.5,33.1,640.0,317760.0
2020,145,61,Soyopa,2,2,Maíz forrajero en verde,8.0,8.0,0.0,62.4,7.8,620.0,38688.0
2020,145,61,Soyopa,2,2,Sorgo forrajero en verde,170.0,140.0,30.0,840.0,6.0,600.0,504000.0
2020,145,61,Soyopa,3,1,Alfalfa achicalada,20.0,20.0,0.0,300.0,15.0,2772.33,831699.0
2020,145,61,Soyopa,3,1,Nuez,5.0,0.0,0.0,0.0,0.0,0.0,0.0
2020,146,5,Arivechi,1,1,Avena forrajera en verde,44.0,44.0,0.0,1584.0,36.0,810.2,1283356.8
2020,146,5,Arivechi,2,1,Frijol,3.0,3.0,0.0,5.1,1.7,20000.0,102000.0
2020,146,5,Arivechi,2,1,Maíz grano,3.0,3.0,0.0,12.0,4.0,4800.0,57600.0
2020,146,5,Arivechi,2,1,Sorgo forrajero en verde,210.0,210.0,0.0,7560.0,36.0,775.85,5865426.0
2020,146,5,Arivechi,2,2,Frijol,2.5,1.0,1.5,0.5,0.5,18000.0,9000.0
2020,146,5,Arivechi,2,2,Maíz grano,12.0,4.0,8.0,8.0,2.0,5200.0,41600.0
2020,146,5,Arivechi,2,2,Sorgo forrajero en verde,190.0,100.0,90.0,500.0,5.0,706.7,353350.0
2020,146,5,Arivechi,3,1,Alfalfa achicalada,70.0,70.0,0.0,945.0,13.5,2207.09,2085700.05
2020,146,5,Arivechi,3,1,Nuez,1.25,1.25,0.0,1.88,1.5,83000.0,156040.0
2020,146,52,Sahuaripa,1,1,Ajo,2.0,2.0,0.0,12.2,6.1,23800.0,290360.0
2020,146,52,Sahuaripa,1,1,Avena forrajera en verde,148.0,148.0,0.0,5564.8,37.6,836.46,4654732.61
2020,146,52,Sahuaripa,2,1,Frijol,3.0,3.0,0.0,3.69,1.23,20500.0,75645.0
2020,146,52,Sahuaripa,2,1,Maíz grano,32.0,32.0,0.0,99.2,3.1,4731.25,469340.0
2020,146,52,Sahuaripa,2,1,Sorgo forrajero en verde,485.0,485.0,0.0,15520.0,32.0,735.73,11418529.6
2020,146,52,Sahuaripa,2,2,Frijol,7.0,5.0,2.0,3.0,0.6,18000.0,54000.0
2020,146,52,Sahuaripa,2,2,Maíz grano,35.0,20.0,15.0,38.0,1.9,4750.0,180500.0
2020,146,52,Sahuaripa,2,2,Sorgo forrajero en verde,400.0,250.0,150.0,1400.0,5.6,633.21,886494.0
2020,146,52,Sahuaripa,3,1,Alfalfa achicalada,315.0,315.0,0.0,4221.0,13.4,2223.17,9384000.57
2020,146,52,Sahuaripa,3,1,Nuez,2.0,0.0,0.0,0.0,0.0,0.0,0.0
2020,146,9,Bacanora,1,1,Avena forrajera en verde,34.0,34.0,0.0,1224.0,36.0,825.0,1009800.0
2020,146,9,Bacanora,2,1,Maíz grano,7.0,7.0,0.0,21.0,3.0,4742.86,99600.06
2020,146,9,Bacanora,2,1,Sorgo forrajero en verde,120.0,120.0,0.0,4200.0,35.0,736.1,3091620.0
2020,146,9,Bacanora,2,2,Maíz grano,7.0,3.0,4.0,3.99,1.33,4500.0,17955.0
2020,146,9,Bacanora,2,2,Sorgo forrajero en verde,125.0,80.0,45.0,416.0,5.2,680.53,283100.48
2020,146,9,Bacanora,3,1,Alfalfa achicalada,63.0,63.0,0.0,831.6,13.2,2220.53,1846592.75
2020,146,69,Yécora,2,2,Calabacita,25.0,25.0,0.0,282.5,11.3,7393.81,2088751.33
2020,146,69,Yécora,2,2,Frijol,87.0,50.0,37.0,50.0,1.0,18000.0,900000.0
2020,146,69,Yécora,2,2,Maíz forrajero en verde,25.0,10.0,15.0,65.0,6.5,755.0,49075.0
2020,146,69,Yécora,2,2,Maíz grano,303.0,180.0,123.0,306.0,1.7,4500.0,1377000.0
2020,146,69,Yécora,2,2,Papa,18.0,8.0,10.0,64.0,8.0,7500.0,480000.0
2020,146,69,Yécora,2,2,Pepino,20.0,20.0,0.0,326.06,16.3,5000.0,1630300.0
2020,146,69,Yécora,2,2,Sorgo forrajero en verde,110.0,80.0,30.0,448.5,5.61,780.0,349830.0
2020,146,69,Yécora,3,2,Durazno,118.71,39.71,0.0,504.32,12.7,11600.0,5850112.0
2020,146,69,Yécora,3,2,Manzana,207.45,164.69,0.0,2635.04,16.0,10850.0,28590184.0
2020,147,25,Empalme,1,1,Avena forrajera en verde,85.0,85.0,0.0,1360.0,16.0,820.27,1115567.2
2020,147,25,Empalme,1,1,Berenjena,29.0,29.0,0.0,370.5,12.78,8023.75,2972799.97
2020,147,25,Empalme,1,1,Calabacita,890.0,890.0,0.0,31560.35,35.46,7066.21,223012060.77
2020,147,25,Empalme,1,1,Cebolla,33.0,33.0,0.0,924.0,28.0,4771.43,4408801.32
2020,147,25,Empalme,1,1,Chile verde,435.0,435.0,0.0,21497.0,49.42,7928.37,170436063.76
2020,147,25,Empalme,1,1,Frijol,20.0,20.0,0.0,32.0,1.6,17187.5,550000.0
2020,147,25,Empalme,1,1,Maíz grano,60.0,60.0,0.0,420.0,7.0,3315.48,1392501.6
2020,147,25,Empalme,1,1,Melón,700.0,700.0,0.0,28351.0,40.5,5134.27,145561567.82
2020,147,25,Empalme,1,1,Pepino,295.0,295.0,0.0,39758.86,134.78,6759.09,268733596.67
2020,147,25,Empalme,1,1,Sandía,1080.0,1080.0,0.0,50220.0,46.5,2073.64,104138200.8
2020,147,25,Empalme,1,1,Sorgo forrajero en verde,15.0,15.0,0.0,495.0,33.0,749.09,370799.55
2020,147,25,Empalme,1,1,Tomate rojo (jitomate),120.0,120.0,0.0,4374.7,36.46,6846.16,29949911.63
2020,147,25,Empalme,1,1,Tomate verde,30.0,30.0,0.0,474.0,15.8,5024.05,2381399.7
2020,147,25,Empalme,1,2,Sorgo forrajero en verde,10.0,10.0,0.0,82.0,8.2,700.0,57400.0
2020,147,25,Empalme,2,1,Calabacita,255.0,255.0,0.0,5549.5,21.76,7078.38,39281465.03
2020,147,25,Empalme,2,1,Chile verde,114.0,114.0,0.0,7724.4,67.76,10472.96,80897356.13
2020,147,25,Empalme,2,1,Frijol,15.0,15.0,0.0,20.25,1.35,16000.0,324000.0
2020,147,25,Empalme,2,1,Melón,280.0,280.0,0.0,11695.0,41.77,5560.24,65026994.2
2020,147,25,Empalme,2,1,Pepino,90.0,90.0,0.0,14246.8,158.3,6031.19,85925163.63
2020,147,25,Empalme,2,1,Sandía,700.0,700.0,0.0,32850.0,46.93,2626.37,86276292.0
2020,147,25,Empalme,2,1,Sorgo forrajero en verde,50.0,50.0,0.0,1650.0,33.0,810.0,1336500.0
2020,147,25,Empalme,2,1,Tomate rojo (jitomate),60.0,60.0,0.0,4050.0,67.5,5047.78,20443518.0
2020,147,25,Empalme,2,1,Tomate verde,15.0,15.0,0.0,247.5,16.5,4700.0,1163250.0
2020,147,25,Empalme,2,2,Sorgo forrajero en verde,25.0,10.0,15.0,60.0,6.0,650.0,39000.0
2020,147,25,Empalme,3,1,Alfalfa achicalada,130.0,130.0,0.0,2665.0,20.5,2253.92,6006696.8
2020,147,25,Empalme,3,1,Naranja,5.0,5.0,0.0,93.5,18.7,2323.8,217275.3
2020,147,25,Empalme,3,1,Nopalitos,8.0,8.0,0.0,204.0,25.5,4523.28,922749.12
2020,147,25,Empalme,3,1,Uva,693.0,565.0,0.0,9605.0,17.0,28002.87,268967566.35
2020,147,29,Guaymas,1,1,Avena forrajera en verde,50.0,50.0,0.0,790.0,15.8,760.7,600953.0
2020,147,29,Guaymas,1,1,Berenjena,20.0,20.0,0.0,276.5,13.83,8309.23,2297500.74
2020,147,29,Guaymas,1,1,Calabacita,1300.0,1300.0,0.0,40780.23,31.37,7242.98,295370390.29
2020,147,29,Guaymas,1,1,Cebolla,48.0,48.0,0.0,1536.0,32.0,4554.94,6996387.84
2020,147,29,Guaymas,1,1,Chile verde,550.0,550.0,0.0,25909.0,47.11,7679.65,198972037.25
2020,147,29,Guaymas,1,1,Elote,25.0,25.0,0.0,385.0,15.4,4220.78,1625000.3
2020,147,29,Guaymas,1,1,Frijol,20.0,20.0,0.0,42.0,2.1,19000.0,798000.0
2020,147,29,Guaymas,1,1,Garbanzo grano,35.0,35.0,0.0,63.0,1.8,18000.0,1134000.0
2020,147,29,Guaymas,1,1,Maíz grano,60.0,60.0,0.0,408.0,6.8,3390.0,1383120.0
2020,147,29,Guaymas,1,1,Melón,775.0,775.0,0.0,31610.0,40.79,5376.45,169949487.2
2020,147,29,Guaymas,1,1,Pepino,360.0,360.0,0.0,49320.38,137.0,6591.15,325078243.45
2020,147,29,Guaymas,1,1,Sandía,700.0,700.0,0.0,32200.0,46.0,2179.84,70190848.0
2020,147,29,Guaymas,1,1,Sorgo forrajero en verde,90.0,90.0,0.0,3240.0,36.0,718.52,2328004.8
2020,147,29,Guaymas,1,1,Tomate rojo (jitomate),200.0,200.0,0.0,7067.0,35.34,6328.55,44723881.5
2020,147,29,Guaymas,1,1,Tomate verde,75.0,75.0,0.0,1237.5,16.5,4840.61,5990254.88
2020,147,29,Guaymas,1,2,Frijol,20.0,20.0,0.0,11.0,0.55,15750.0,173250.0
2020,147,29,Guaymas,1,2,Sorgo forrajero en verde,300.0,300.0,0.0,2340.0,7.8,708.85,1658709.0
2020,147,29,Guaymas,2,1,Berenjena,2.0,2.0,0.0,28.0,14.0,8000.0,224000.0
2020,147,29,Guaymas,2,1,Calabacita,142.0,142.0,0.0,3520.0,24.79,6650.85,23411004.6
2020,147,29,Guaymas,2,1,Chile verde,1205.0,1205.0,0.0,65168.0,54.08,9657.23,629342266.21
2020,147,29,Guaymas,2,1,Frijol,5.0,5.0,0.0,5.75,1.15,16500.0,94875.0
2020,147,29,Guaymas,2,1,Melón,625.0,625.0,0.0,25981.25,41.57,5547.84,144139887.5
2020,147,29,Guaymas,2,1,Pepino,230.0,230.0,0.0,32282.96,140.36,5930.26,191446212.36
2020,147,29,Guaymas,2,1,Sandía,970.0,970.0,0.0,46331.0,47.76,2729.95,126481494.98
2020,147,29,Guaymas,2,1,Tomate rojo (jitomate),88.0,88.0,0.0,3290.0,37.39,6512.84,21427249.3
2020,147,29,Guaymas,2,1,Tomate verde,70.0,70.0,0.0,1120.0,16.0,4607.14,5159996.8
2020,147,29,Guaymas,2,2,Sandía,20.0,5.0,15.0,60.0,12.0,2500.0,150000.0
2020,147,29,Guaymas,2,2,Sorgo forrajero en verde,85.0,35.0,50.0,210.0,6.0,600.0,126000.0
2020,147,29,Guaymas,3,1,Alfalfa achicalada,130.0,130.0,0.0,2650.0,20.38,2261.47,5992895.5
2020,147,29,Guaymas,3,1,Mango,7.0,7.0,0.0,91.0,13.0,4300.0,391300.0
2020,147,29,Guaymas,3,1,Naranja,455.0,455.0,0.0,8554.0,18.8,2449.73,20954990.42
2020,147,29,Guaymas,3,1,Nopalitos,12.0,6.5,0.0,148.2,22.8,4452.99,659933.12
2020,147,29,Guaymas,3,1,Nuez,18.0,18.0,0.0,27.0,1.5,86000.0,2322000.0
2020,147,29,Guaymas,3,1,Uva,1307.0,807.0,0.0,13961.1,17.3,28004.18,390969157.4
2020,148,18,Cajeme,1,1,Ajo,16.0,16.0,0.0,104.0,6.5,13137.5,1366300.0
2020,148,18,Cajeme,1,1,Calabacita,90.0,90.0,0.0,3068.75,34.1,5615.0,17231031.25
2020,148,18,Cajeme,1,1,Cártamo,250.0,250.0,0.0,527.5,2.11,8225.12,4338750.8
2020,148,18,Cajeme,1,1,Cebolla,60.0,60.0,0.0,1920.0,32.0,5000.0,9600000.0
2020,148,18,Cajeme,1,1,Chile verde,203.0,203.0,0.0,6560.5,32.32,9530.29,62523499.93
2020,148,18,Cajeme,1,1,Frijol,500.0,500.0,0.0,1105.0,2.21,17924.61,19806696.5
2020,148,18,Cajeme,1,1,Garbanzo grano,90.0,90.0,0.0,211.5,2.35,13738.77,2905749.86
2020,148,18,Cajeme,1,1,Lechuga,80.0,80.0,0.0,2480.0,31.0,7145.16,17719996.8
2020,148,18,Cajeme,1,1,Maíz grano,8900.0,8900.0,0.0,111150.0,12.49,3947.87,438805750.5
2020,148,18,Cajeme,1,1,Papa,2450.0,2450.0,0.0,84167.23,34.35,6215.18,523114484.55
2020,148,18,Cajeme,1,1,Pepino,156.0,156.0,0.0,14564.06,93.36,4625.89,67371754.74
2020,148,18,Cajeme,1,1,Sandía,65.0,65.0,0.0,3380.0,52.0,3400.0,11492000.0
2020,148,18,Cajeme,1,1,Tomate rojo (jitomate),91.0,91.0,0.0,6700.0,73.63,5449.55,36512001.6
2020,148,18,Cajeme,1,1,Trigo grano,21761.9,21761.9,0.0,158477.42,7.28,4802.33,761060335.57
2020,148,18,Cajeme,2,1,Algodón hueso,25.0,25.0,0.0,102.5,4.1,12800.0,1312000.0
2020,148,18,Cajeme,2,1,Frijol,186.0,186.0,0.0,446.4,2.4,18505.15,8260698.96
2020,148,18,Cajeme,2,1,Maíz grano,92.0,92.0,0.0,763.6,8.3,4467.08,3411062.29
2020,148,18,Cajeme,2,1,Sorgo grano,135.0,135.0,0.0,742.5,5.5,4011.11,2978249.18
2020,148,18,Cajeme,2,1,Soya,700.0,700.0,0.0,1750.0,2.5,9966.49,17441357.5
2020,148,18,Cajeme,3,1,Alfalfa achicalada,1160.0,1160.0,0.0,18560.0,16.0,3128.36,58062361.6
2020,148,18,Cajeme,3,1,Espárrago,455.0,455.0,0.0,3627.0,7.97,39197.78,142170340.65
2020,148,18,Cajeme,3,1,Limón,67.0,33.0,0.0,537.9,16.3,5350.0,2877765.0
2020,148,18,Cajeme,3,1,Mandarina,22.0,22.0,0.0,481.8,21.9,3253.42,1567497.76
2020,148,18,Cajeme,3,1,Mango,32.0,0.0,0.0,0.0,0.0,0.0,0.0
2020,148,18,Cajeme,3,1,Naranja,511.0,511.0,0.0,10220.0,20.0,3018.25,30846515.0
2020,148,18,Cajeme,3,1,Nuez,995.0,673.0,0.0,1076.8,1.6,82000.0,88297600.0
2020,148,18,Cajeme,3,1,Toronja (pomelo),77.0,47.0,0.0,893.0,19.0,5300.0,4732900.0
2020,148,42,Navojoa,3,1,Alfalfa achicalada,120.0,120.0,0.0,1824.0,15.2,3116.91,5685243.84
2020,148,18,Cajeme,1,1,Frijol,19.0,19.0,0.0,45.6,2.4,16924.34,771749.9
2020,148,18,Cajeme,1,1,Maíz grano,1120.0,1120.0,0.0,14268.8,12.74,3486.84,49753022.59
2020,148,18,Cajeme,1,1,Papa,200.0,200.0,0.0,6600.0,33.0,7663.86,50581476.0
2020,148,18,Cajeme,1,1,Tomate rojo (jitomate),35.0,35.0,0.0,3815.0,109.0,6036.44,23029003.2
2020,148,18,Cajeme,1,1,Trigo grano,1313.0,1313.0,0.0,9333.6,7.11,4727.73,44126753.52
2020,148,18,Cajeme,2,1,Soya,100.0,100.0,0.0,260.0,2.6,9898.46,2573599.6
2020,148,26,Etchojoa,1,1,Calabacita,75.0,75.0,0.0,1708.27,22.78,4104.19,7011064.65
2020,148,26,Etchojoa,1,1,Cártamo,590.0,590.0,0.0,1357.0,2.3,8061.9,10939998.3
2020,148,26,Etchojoa,1,1,Cebolla,4.0,4.0,0.0,154.4,38.6,4950.0,764280.0
2020,148,26,Etchojoa,1,1,Chile verde,189.0,189.0,0.0,10614.5,56.16,8681.17,92146248.75
2020,148,26,Etchojoa,1,1,Frijol,398.0,398.0,0.0,969.4,2.44,15749.79,15267849.04
2020,148,26,Etchojoa,1,1,Maíz grano,2200.0,2200.0,0.0,26180.0,11.9,4021.46,105281822.8
2020,148,26,Etchojoa,1,1,Papa,160.0,160.0,0.0,5600.0,35.0,8236.79,46126024.0
2020,148,26,Etchojoa,1,1,Pepino,31.0,31.0,0.0,5228.73,168.67,5140.87,26880244.04
2020,148,26,Etchojoa,1,1,Tomate verde,50.0,50.0,0.0,1050.0,21.0,4950.0,5197500.0
2020,148,26,Etchojoa,1,1,Trigo grano,22919.0,22919.0,0.0,161453.3,7.04,4788.19,773068519.28
2020,148,26,Etchojoa,2,1,Ajonjolí,21.0,15.0,6.0,9.75,0.65,16246.67,158405.03
2020,148,26,Etchojoa,2,1,Algodón hueso,87.0,87.0,0.0,356.7,4.1,13000.0,4637100.0
2020,148,26,Etchojoa,2,1,Frijol,169.0,169.0,0.0,397.15,2.35,18645.94,7405235.07
2020,148,26,Etchojoa,2,1,Maíz grano,10.0,10.0,0.0,86.0,8.6,5000.0,430000.0
2020,148,26,Etchojoa,2,1,Soya,67.0,67.0,0.0,160.8,2.4,10062.69,1618080.55
2020,148,26,Etchojoa,3,1,Alfalfa achicalada,170.0,170.0,0.0,2873.0,16.9,2963.98,8515514.54
2020,148,26,Etchojoa,3,1,Espárrago,288.0,288.0,0.0,2097.9,7.28,39164.29,82162763.89
2020,148,26,Etchojoa,3,1,Limón,16.0,16.0,0.0,272.0,17.0,5200.0,1414400.0
2020,148,26,Etchojoa,3,1,Nuez,115.0,73.0,0.0,116.8,1.6,83000.0,9694400.0
2020,148,42,Navojoa,1,1,Calabacita,25.0,25.0,0.0,760.37,30.41,6401.79,4867729.06
2020,148,42,Navojoa,1,1,Cártamo,155.0,155.0,0.0,348.75,2.25,8328.67,2904623.66
2020,148,42,Navojoa,1,1,Chile verde,42.0,42.0,0.0,1713.0,40.79,6842.73,11721601.13
2020,148,42,Navojoa,1,1,Frijol,150.0,150.0,0.0,415.0,2.77,16271.08,6752500.2
2020,148,42,Navojoa,1,1,Garbanzo grano,206.0,206.0,0.0,432.6,2.1,13637.5,5899582.5
2020,148,42,Navojoa,1,1,Maíz grano,1329.0,1329.0,0.0,15000.0,11.29,3461.14,51917100.0
2020,148,42,Navojoa,1,1,Tomate rojo (jitomate),5.0,5.0,0.0,450.0,90.0,7000.0,3150000.0
2020,148,42,Navojoa,1,1,Trigo grano,9235.0,9235.0,0.0,64846.4,7.02,4856.18,314905508.07
2020,148,42,Navojoa,2,1,Maíz grano,60.0,60.0,0.0,456.0,7.6,5001.32,2280601.92
2020,148,42,Navojoa,2,1,Sorgo grano,7.0,7.0,0.0,37.1,5.3,3700.0,137270.0
2020,148,42,Navojoa,2,1,Soya,12.0,12.0,0.0,30.6,2.55,9890.0,302634.0
2020,148,42,Navojoa,3,1,Alfalfa achicalada,40.0,40.0,0.0,684.0,17.1,2912.56,1992191.04
2020,148,42,Navojoa,3,1,Nuez,148.0,0.0,0.0,0.0,0.0,0.0,0.0
2020,148,71,Benito Juárez,1,1,Brócoli,30.0,30.0,0.0,690.0,23.0,8556.52,5903998.8
2020,148,71,Benito Juárez,1,1,Cártamo,682.0,682.0,0.0,1500.4,2.2,8053.32,12083201.33
2020,148,71,Benito Juárez,1,1,Cebolla,18.0,18.0,0.0,756.0,42.0,4950.0,3742200.0
2020,148,71,Benito Juárez,1,1,Chile verde,172.0,172.0,0.0,9710.0,56.45,7899.28,76701965.45
2020,148,71,Benito Juárez,1,1,Frijol,750.0,750.0,0.0,2020.0,2.69,16425.74,33179996.5
2020,148,71,Benito Juárez,1,1,Garbanzo grano,112.0,112.0,0.0,257.6,2.3,13650.0,3516240.0
2020,148,71,Benito Juárez,1,1,Lechuga,225.0,225.0,0.0,7200.0,32.0,8925.0,64260000.0
2020,148,71,Benito Juárez,1,1,Maíz grano,4816.0,4816.0,0.0,59500.0,12.35,3512.02,208965190.0
2020,148,71,Benito Juárez,1,1,Papa,358.0,358.0,0.0,11728.65,32.76,7347.31,86174027.43
2020,148,71,Benito Juárez,1,1,Pepino,121.0,121.0,0.0,24658.73,203.79,4743.2,116961342.76
2020,148,71,Benito Juárez,1,1,Tomate rojo (jitomate),200.0,200.0,0.0,16493.5,82.47,5548.83,91519676.38
2020,148,71,Benito Juárez,1,1,Tomate verde,149.0,149.0,0.0,3347.0,22.46,4932.18,16508006.46
2020,148,71,Benito Juárez,1,1,Trigo grano,20586.0,20586.0,0.0,143312.1,6.96,4788.36,686229573.58
2020,148,71,Benito Juárez,2,1,Ajonjolí,250.0,220.0,30.0,143.0,0.65,16123.08,2305600.44
2020,148,71,Benito Juárez,2,1,Algodón hueso,200.0,200.0,0.0,820.0,4.1,12950.0,10619000.0
2020,148,71,Benito Juárez,2,1,Frijol,500.0,500.0,0.0,1350.0,2.7,17893.63,24156400.5
2020,148,71,Benito Juárez,2,1,Sorgo grano,1.0,1.0,0.0,5.5,5.5,4100.0,22550.0
2020,148,71,Benito Juárez,2,1,Soya,554.0,554.0,0.0,1385.0,2.5,9912.27,13728493.95
2020,148,71,Benito Juárez,2,1,Tomate rojo (jitomate),37.0,37.0,0.0,3350.0,90.54,5781.05,19366505.5
2020,148,71,Benito Juárez,3,1,Agave,8.0,0.0,0.0,0.0,0.0,0.0,0.0
2020,148,71,Benito Juárez,3,1,Alfalfa achicalada,410.0,410.0,0.0,6970.0,17.0,2741.95,19111391.5
2020,148,71,Benito Juárez,3,1,Espárrago,221.0,221.0,0.0,1607.0,7.27,39759.46,63893454.16
2020,148,71,Benito Juárez,3,1,Mandarina,101.0,76.0,0.0,1694.5,22.3,3962.79,6714947.66
2020,148,71,Benito Juárez,3,1,Naranja,347.0,347.0,0.0,7634.0,22.0,3061.7,23373017.8
2020,148,71,Benito Juárez,3,1,Nuez,40.0,0.0,0.0,0.0,0.0,0.0,0.0
2020,148,71,Benito Juárez,3,1,Toronja (pomelo),30.0,30.0,0.0,520.0,17.33,5168.27,2687500.4
2020,148,12,Bácum,1,1,Avena forrajera en verde,13.0,13.0,0.0,117.0,9.0,850.0,99450.0
2020,148,12,Bácum,1,1,Calabacita,54.0,54.0,0.0,1747.14,32.35,4724.86,8254984.98
2020,148,12,Bácum,1,1,Cártamo,532.0,532.0,0.0,1149.12,2.16,8152.21,9367867.56
2020,148,12,Bácum,1,1,Chile verde,200.0,200.0,0.0,6859.2,34.3,7944.58,54493459.94
2020,148,12,Bácum,1,1,Frijol,194.0,194.0,0.0,462.0,2.38,16840.91,7780500.42
2020,148,12,Bácum,1,1,Garbanzo grano,200.0,200.0,0.0,488.0,2.44,13725.26,6697926.88
2020,148,12,Bácum,1,1,Maíz grano,3100.0,3100.0,0.0,37100.0,11.97,3436.97,127511587.0
2020,148,12,Bácum,1,1,Melón,20.0,20.0,0.0,885.0,44.25,6990.06,6186200.0
2020,148,12,Bácum,1,1,Papa,250.0,250.0,0.0,9337.99,37.35,6560.53,61262163.53
2020,148,12,Bácum,1,1,Pepino,14.0,14.0,0.0,2379.36,169.95,4355.25,10362711.45
2020,148,12,Bácum,1,1,Sandía,57.0,57.0,0.0,2394.0,42.0,3352.38,8025597.72
2020,148,12,Bácum,1,1,Tomate rojo (jitomate),51.0,51.0,0.0,4660.0,91.37,5363.63,24994516.5
2020,148,12,Bácum,1,1,Tomate verde,30.0,30.0,0.0,600.0,20.0,4800.0,2880000.0
2020,148,12,Bácum,1,1,Trigo grano,5420.0,5420.0,0.0,36730.0,6.78,4940.66,181470530.5
2020,148,12,Bácum,2,1,Ajonjolí,50.0,45.0,5.0,27.0,0.6,16392.59,442599.93
2020,148,12,Bácum,2,1,Frijol,99.0,99.0,0.0,237.6,2.4,18161.11,4315079.74
2020,148,12,Bácum,2,1,Maíz grano,150.0,150.0,0.0,1245.0,8.3,4797.99,5973497.55
2020,148,12,Bácum,2,1,Sorgo grano,150.0,150.0,0.0,915.0,6.1,3786.56,3464702.4
2020,148,12,Bácum,2,1,Soya,350.0,350.0,0.0,875.0,2.5,10086.29,8825503.75
2020,148,12,Bácum,2,1,Tomate rojo (jitomate),25.0,25.0,0.0,2500.0,100.0,5000.0,12500000.0
2020,148,12,Bácum,3,1,Alfalfa achicalada,685.0,685.0,0.0,10412.0,15.2,3088.61,32158607.32
2020,148,12,Bácum,3,1,Espárrago,525.8,428.0,0.0,3185.4,7.44,37945.46,120871470.97
2020,148,12,Bácum,3,1,Granada,15.0,0.0,0.0,0.0,0.0,0.0,0.0
2020,148,12,Bácum,3,1,Limón,40.0,19.0,0.0,304.0,16.0,5200.0,1580800.0
2020,148,12,Bácum,3,1,Mandarina,150.0,110.0,0.0,1903.0,17.3,3380.92,6433890.76
2020,148,12,Bácum,3,1,Mango,7.0,7.0,0.0,42.0,6.0,3100.0,130200.0
2020,148,12,Bácum,3,1,Naranja,547.0,547.0,0.0,11000.0,20.11,3145.32,34598520.0
2020,148,12,Bácum,3,1,Nopalitos,8.0,8.0,0.0,160.0,20.0,3628.75,580600.0
2020,148,12,Bácum,3,1,Nuez,408.0,174.0,0.0,261.0,1.5,80000.0,20880000.0
2020,148,12,Bácum,3,1,Toronja (pomelo),75.0,50.0,0.0,965.0,19.3,5450.0,5259250.0
2020,148,18,Cajeme,1,1,Avena forrajera en verde,36.0,36.0,0.0,334.8,9.3,830.0,277884.0
2020,148,18,Cajeme,1,1,Calabacita,140.0,140.0,0.0,4773.61,34.1,3965.71,18930752.91
2020,148,18,Cajeme,1,1,Cártamo,300.0,300.0,0.0,660.0,2.2,8103.03,5347999.8
2020,148,18,Cajeme,1,1,Cebolla,42.0,42.0,0.0,1680.0,40.0,5200.0,8736000.0
2020,148,18,Cajeme,1,1,Chile verde,112.0,112.0,0.0,3541.0,31.62,7924.48,28060598.85
2020,148,18,Cajeme,1,1,Frijol,350.0,350.0,0.0,820.0,2.34,16544.21,13566251.0
2020,148,18,Cajeme,1,1,Garbanzo grano,150.0,150.0,0.0,360.0,2.4,14011.0,5043960.0
2020,148,18,Cajeme,1,1,Maíz grano,3500.0,3500.0,0.0,42000.0,12.0,3325.68,139678560.0
2020,148,18,Cajeme,1,1,Pepino,30.0,30.0,0.0,11015.57,367.19,5787.5,63752611.38
2020,148,18,Cajeme,1,1,Tomate rojo (jitomate),100.0,100.0,0.0,8150.0,81.5,5731.9,46714985.0
2020,148,18,Cajeme,1,1,Trigo grano,13500.0,13500.0,0.0,92300.0,6.84,4854.18,448040424.0
2020,148,18,Cajeme,2,1,Ajonjolí,300.0,250.0,50.0,150.0,0.6,16245.0,2436750.0
2020,148,18,Cajeme,2,1,Frijol,148.0,148.0,0.0,340.4,2.3,18095.12,6159578.85
2020,148,18,Cajeme,2,1,Maíz grano,120.0,120.0,0.0,1008.0,8.4,5056.89,5097345.12
2020,148,18,Cajeme,2,1,Pepino,5.0,5.0,0.0,646.25,129.25,4800.0,3102000.0
2020,148,18,Cajeme,2,1,Sorgo grano,125.0,125.0,0.0,812.5,6.5,4000.31,3250251.88
2020,148,18,Cajeme,2,1,Soya,630.0,630.0,0.0,1512.0,2.4,10106.35,15280801.2
2020,148,18,Cajeme,2,1,Tomate rojo (jitomate),25.0,25.0,0.0,2750.0,110.0,4989.09,13719997.5
2020,148,18,Cajeme,3,1,Alfalfa achicalada,463.0,463.0,0.0,7176.5,15.5,3102.88,22267818.32
2020,148,18,Cajeme,3,1,Espárrago,229.0,178.0,0.0,1246.0,7.0,38940.73,48520155.11
2020,148,18,Cajeme,3,1,Limón,6.0,0.0,0.0,0.0,0.0,0.0,0.0
2020,148,18,Cajeme,3,1,Mango,1.28,0.0,0.0,0.0,0.0,0.0,0.0
2020,148,18,Cajeme,3,1,Naranja,231.0,231.0,0.0,4851.0,21.0,3080.95,14945688.45
2020,148,18,Cajeme,3,1,Nopalitos,5.0,5.0,0.0,110.0,22.0,3456.82,380250.2
2020,148,18,Cajeme,3,1,Nuez,103.0,103.0,0.0,154.5,1.5,80500.0,12437250.0
2020,148,18,Cajeme,3,1,Toronja (pomelo),29.5,16.0,0.0,364.8,22.8,5150.0,1878720.0
2020,148,72,San Ignacio Río Muerto,1,1,Calabacita,30.0,30.0,0.0,941.08,31.37,4325.37,4070519.2
2020,148,72,San Ignacio Río Muerto,1,1,Cártamo,1000.0,1000.0,0.0,2200.0,2.2,8054.55,17720010.0
2020,148,72,San Ignacio Río Muerto,1,1,Cebolla,2.0,2.0,0.0,76.0,38.0,4800.0,364800.0
2020,148,72,San Ignacio Río Muerto,1,1,Chile verde,336.0,336.0,0.0,12938.1,38.51,9325.06,120648500.38
2020,148,72,San Ignacio Río Muerto,1,1,Frijol,273.0,273.0,0.0,577.95,2.12,16027.51,9263101.55
2020,148,72,San Ignacio Río Muerto,1,1,Garbanzo grano,50.0,50.0,0.0,125.0,2.5,13710.0,1713750.0
2020,148,72,San Ignacio Río Muerto,1,1,Maíz grano,7470.0,7470.0,0.0,93000.0,12.45,3591.0,333963000.0
2020,148,72,San Ignacio Río Muerto,1,1,Papa,60.0,60.0,0.0,2220.0,37.0,6200.0,13764000.0
2020,148,72,San Ignacio Río Muerto,1,1,Pepino,6.0,6.0,0.0,1674.37,279.06,5132.02,8592900.33
2020,148,72,San Ignacio Río Muerto,1,1,Sandía,420.0,420.0,0.0,17640.0,42.0,3095.92,54612028.8
2020,148,72,San Ignacio Río Muerto,1,1,Tomate rojo (jitomate),42.0,42.0,0.0,2790.0,66.43,6362.46,17751268.8
2020,148,72,San Ignacio Río Muerto,1,1,Tomate verde,60.0,60.0,0.0,1428.0,23.8,5087.25,7264593.0
2020,148,72,San Ignacio Río Muerto,1,1,Trigo grano,13325.0,13325.0,0.0,90687.5,6.81,4902.26,444573522.3
2020,148,72,San Ignacio Río Muerto,2,1,Algodón hueso,150.0,150.0,0.0,600.0,4.0,12850.0,7710000.0
2020,148,72,San Ignacio Río Muerto,2,1,Maíz grano,20.0,20.0,0.0,156.0,7.8,4900.0,764400.0
2020,148,72,San Ignacio Río Muerto,2,1,Sorgo grano,60.0,60.0,0.0,390.0,6.5,3850.0,1501500.0
2020,148,72,San Ignacio Río Muerto,2,1,Soya,1400.0,1400.0,0.0,3640.0,2.6,10050.55,36584002.0
2020,148,72,San Ignacio Río Muerto,3,1,Aguacate,9.0,0.0,0.0,0.0,0.0,0.0,0.0
2020,148,72,San Ignacio Río Muerto,3,1,Alfalfa achicalada,2174.0,2174.0,0.0,33262.2,15.3,3201.87,106501240.31
2020,148,72,San Ignacio Río Muerto,3,1,Espárrago,214.0,210.0,0.0,1686.3,8.03,32386.92,54614068.93
2020,148,72,San Ignacio Río Muerto,3,1,Limón,37.0,37.0,0.0,603.0,16.3,5000.0,3015000.0
2020,148,72,San Ignacio Río Muerto,3,1,Mandarina,40.0,40.0,0.0,792.0,19.8,3637.88,2881200.96
2020,148,72,San Ignacio Río Muerto,3,1,Mango,65.0,0.0,0.0,0.0,0.0,0.0,0.0
2020,148,72,San Ignacio Río Muerto,3,1,Naranja,411.0,411.0,0.0,9042.0,22.0,3190.91,28852208.22
2020,148,72,San Ignacio Río Muerto,3,1,Nopalitos,8.0,8.0,0.0,160.0,20.0,3492.0,558720.0
2020,148,72,San Ignacio Río Muerto,3,1,Nuez,451.0,272.0,0.0,462.4,1.7,80000.0,36992000.0
2020,148,72,San Ignacio Río Muerto,3,1,Toronja (pomelo),48.0,18.0,0.0,378.0,21.0,5850.0,2211300.0
2020,148,72,San Ignacio Río Muerto,3,1,Uva,10.0,2.0,0.0,30.0,15.0,26000.0,780000.0
2020,148,12,Bácum,1,1,Calabacita,200.0,200.0,0.0,6273.88,31.37,6190.33,38837387.58
2020,148,12,Bácum,1,1,Cártamo,256.0,256.0,0.0,512.0,2.0,8460.94,4332001.28
2020,148,12,Bácum,1,1,Chile verde,57.0,57.0,0.0,1370.0,24.04,7344.96,10062599.5
2020,148,12,Bácum,1,1,Coliflor,92.0,92.0,0.0,1840.0,20.0,7421.74,13656001.6
2020,148,12,Bácum,1,1,Frijol,40.0,40.0,0.0,92.0,2.3,17723.91,1630599.72
2020,148,12,Bácum,1,1,Garbanzo grano,40.0,40.0,0.0,92.0,2.3,12981.52,1194299.84
2020,148,12,Bácum,1,1,Maíz grano,3100.0,3100.0,0.0,34720.0,11.2,3871.16,134406675.2
2020,148,12,Bácum,1,1,Papa,320.0,320.0,0.0,10379.91,32.44,6730.83,69865409.63
2020,148,12,Bácum,1,1,Pepino,75.0,75.0,0.0,6205.44,82.74,4548.52,28225553.36
2020,148,12,Bácum,1,1,Sandía,50.0,50.0,0.0,2400.0,48.0,3250.0,7800000.0
2020,148,12,Bácum,1,1,Tomate rojo (jitomate),25.0,25.0,0.0,1805.0,72.2,5742.15,10364584.35
2020,148,12,Bácum,1,1,Tomate verde,35.0,35.0,0.0,770.0,22.0,4163.64,3206002.8
2020,148,12,Bácum,1,1,Trigo grano,7000.0,7000.0,0.0,48350.0,6.91,4817.27,232914998.0
2020,148,12,Bácum,1,1,Zanahoria,210.0,210.0,0.0,4830.0,23.0,4065.84,19638007.2
2020,148,12,Bácum,2,1,Algodón hueso,12.0,12.0,0.0,48.0,4.0,12900.0,619200.0
2020,148,12,Bácum,2,1,Maíz grano,50.0,50.0,0.0,400.0,8.0,5040.0,2016000.0
2020,148,12,Bácum,2,1,Sorgo grano,66.0,66.0,0.0,396.0,6.0,3840.91,1521000.36
2020,148,12,Bácum,2,1,Soya,414.0,414.0,0.0,1076.4,2.6,10041.47,10808638.31
2020,148,12,Bácum,3,1,Aguacate,372.0,0.0,0.0,0.0,0.0,0.0,0.0
2020,148,12,Bácum,3,1,Alfalfa achicalada,180.0,180.0,0.0,2934.0,16.3,3203.7,9399655.8
2020,148,12,Bácum,3,1,Espárrago,487.0,487.0,0.0,3637.5,7.47,38826.6,141231750.0
2020,148,12,Bácum,3,1,Limón,30.0,0.0,0.0,0.0,0.0,0.0,0.0
2020,148,12,Bácum,3,1,Mandarina,40.0,40.0,0.0,880.0,22.0,3161.36,2781996.8
2020,148,12,Bácum,3,1,Naranja,57.0,57.0,0.0,1197.0,21.0,2969.08,3553988.76
2020,148,12,Bácum,3,1,Nuez,160.0,117.0,0.0,155.61,1.33,82000.0,12760020.0
2020,148,12,Bácum,3,1,Toronja (pomelo),3.0,3.0,0.0,68.1,22.7,5150.0,350715.0
2020,148,12,Bácum,3,1,Uva,176.0,176.0,0.0,2728.0,15.5,26500.0,72292000.0
2020,148,18,Cajeme,1,1,Calabacita,150.0,150.0,0.0,3682.5,24.55,6633.33,24427237.73
2020,148,18,Cajeme,1,1,Cártamo,563.0,563.0,0.0,1238.6,2.2,8206.57,10164657.6
2020,148,18,Cajeme,1,1,Cebolla,50.0,50.0,0.0,1750.0,35.0,4800.0,8400000.0
2020,148,18,Cajeme,1,1,Chile verde,149.0,149.0,0.0,3720.0,24.97,7851.56,29207795.0
2020,148,18,Cajeme,1,1,Frijol,264.0,264.0,0.0,475.2,1.8,16156.99,7677801.65
2020,148,18,Cajeme,1,1,Garbanzo grano,90.0,90.0,0.0,207.0,2.3,12897.95,2669875.65
2020,148,18,Cajeme,1,1,Maíz grano,10200.0,10200.0,0.0,122000.0,11.96,3814.83,465409260.0
2020,148,18,Cajeme,1,1,Papa,1200.0,1200.0,0.0,40104.21,33.42,7046.25,282584289.71
2020,148,18,Cajeme,1,1,Pepino,89.0,89.0,0.0,7894.5,88.7,4004.6,31614335.41
2020,148,18,Cajeme,1,1,Sandía,60.0,60.0,0.0,2400.0,40.0,3466.67,8320008.0
2020,148,18,Cajeme,1,1,Tomate rojo (jitomate),230.0,230.0,0.0,16100.0,70.0,5691.21,91628534.0
2020,148,18,Cajeme,1,1,Tomate verde,55.0,55.0,0.0,1045.0,19.0,4478.95,4680502.75
2020,148,18,Cajeme,1,1,Trigo grano,14390.0,14390.0,0.0,100468.5,6.98,4804.27,482677309.79
2020,148,18,Cajeme,1,1,Zanahoria,52.0,52.0,0.0,1144.0,22.0,4100.0,4690400.0
2020,148,18,Cajeme,2,1,Algodón hueso,55.0,55.0,0.0,220.0,4.0,13000.0,2860000.0
2020,148,18,Cajeme,2,1,Frijol,270.0,270.0,0.0,648.0,2.4,18413.89,11932200.72
2020,148,18,Cajeme,2,1,Maíz grano,234.0,234.0,0.0,1918.8,8.2,4964.5,9525882.6
2020,148,18,Cajeme,2,1,Sorgo grano,20.0,20.0,0.0,118.0,5.9,3650.0,430700.0
2020,148,18,Cajeme,2,1,Soya,600.0,600.0,0.0,1470.0,2.45,9921.77,14585001.9
2020,148,18,Cajeme,3,1,Alfalfa achicalada,930.0,930.0,0.0,15624.0,16.8,3108.16,48561891.84
2020,148,18,Cajeme,3,1,Espárrago,294.0,228.0,0.0,1718.4,7.54,37360.47,64200239.52
2020,148,18,Cajeme,3,1,Limón,51.0,31.0,0.0,520.0,16.77,5150.0,2678000.0
2020,148,18,Cajeme,3,1,Mandarina,75.0,75.0,0.0,1560.0,20.8,3518.27,5488501.2
2020,148,18,Cajeme,3,1,Naranja,293.0,293.0,0.0,6006.5,20.5,3164.39,19006908.54
2020,148,18,Cajeme,3,1,Nuez,1060.0,574.0,0.0,861.0,1.5,81500.0,70171500.0
2020,148,18,Cajeme,3,1,Toronja (pomelo),49.0,32.0,0.0,608.0,19.0,5500.0,3344000.0
2020,148,18,Cajeme,3,1,Uva,92.0,92.0,0.0,1380.0,15.0,25800.0,35604000.0
2020,148,72,San Ignacio Río Muerto,1,1,Calabacita,15.0,15.0,0.0,358.02,23.87,7280.48,2606557.45
2020,148,72,San Ignacio Río Muerto,1,1,Cártamo,499.0,499.0,0.0,1087.82,2.18,8400.0,9137688.0
2020,148,72,San Ignacio Río Muerto,1,1,Maíz grano,1000.0,1000.0,0.0,11700.0,11.7,3781.85,44247645.0
2020,148,72,San Ignacio Río Muerto,1,1,Sandía,59.0,59.0,0.0,3068.0,52.0,3416.7,10482435.6
2020,148,72,San Ignacio Río Muerto,1,1,Trigo grano,3160.0,3160.0,0.0,20528.0,6.5,4813.42,98809861.56
2020,148,72,San Ignacio Río Muerto,2,1,Maíz grano,50.0,50.0,0.0,425.0,8.5,5022.82,2134698.5
2020,148,72,San Ignacio Río Muerto,2,1,Sorgo grano,30.0,30.0,0.0,177.0,5.9,3940.25,697424.25
2020,148,72,San Ignacio Río Muerto,2,1,Soya,303.0,303.0,0.0,772.65,2.55,9929.16,7671765.47
2020,148,72,San Ignacio Río Muerto,3,1,Alfalfa achicalada,173.0,173.0,0.0,2889.1,16.7,3146.12,9089455.29
2020,148,72,San Ignacio Río Muerto,3,1,Nuez,13.0,13.0,0.0,17.55,1.35,80000.0,1404000.0
2020,148,12,Bácum,1,1,Trigo grano,1350.0,1350.0,0.0,8275.0,6.13,4842.18,40069050.0
2020,148,12,Bácum,3,1,Alfalfa achicalada,32.0,32.0,0.0,524.8,16.4,3048.95,1600088.96
2020,148,18,Cajeme,1,1,Trigo grano,850.0,850.0,0.0,5375.0,6.32,4798.46,25791706.75
2020,148,18,Cajeme,3,1,Alfalfa achicalada,72.0,72.0,0.0,1216.8,16.9,3142.75,3824098.2
2020,148,29,Guaymas,1,1,Cártamo,253.0,253.0,0.0,551.4,2.18,8076.17,4453200.14
2020,148,29,Guaymas,1,1,Frijol,62.0,62.0,0.0,124.0,2.0,16500.0,2046000.0
2020,148,29,Guaymas,1,1,Garbanzo grano,163.0,163.0,0.0,326.0,2.0,13361.96,4355998.96
2020,148,29,Guaymas,1,1,Maíz grano,2157.0,2157.0,0.0,24000.0,11.13,3635.64,87255360.0
2020,148,29,Guaymas,1,1,Melón,20.0,20.0,0.0,620.0,31.0,6300.0,3906000.0
2020,148,29,Guaymas,1,1,Pepino,20.0,20.0,0.0,734.37,36.72,4900.0,3598413.0
2020,148,29,Guaymas,1,1,Trigo grano,16312.1,16312.1,0.0,101544.0,6.23,4828.19,490273382.21
2020,148,29,Guaymas,3,1,Alfalfa achicalada,242.0,242.0,0.0,4041.4,16.7,3043.1,12298384.34
2020,148,49,Quiriego,2,2,Maíz grano,5.0,1.0,4.0,1.5,1.5,4500.0,6750.0
2020,148,49,Quiriego,2,2,Sorgo grano,150.0,20.0,130.0,30.0,1.5,3600.0,108000.0
2020,148,51,Rosario,2,2,Maíz grano,5.0,1.0,4.0,2.0,2.0,4500.0,9000.0
2020,148,51,Rosario,2,2,Sorgo grano,180.0,30.0,150.0,51.0,1.7,3500.0,178500.0
2020,149,42,Navojoa,1,1,Calabacita,64.0,64.0,0.0,1876.71,29.32,5973.45,11210433.35
2020,149,42,Navojoa,1,1,Cártamo,5152.74,5152.74,0.0,11851.3,2.3,8400.0,99550920.0
2020,149,42,Navojoa,1,1,Cebolla,107.9,107.9,0.0,2665.25,24.7,7177.91,19130924.63
2020,149,42,Navojoa,1,1,Chile verde,163.97,163.97,0.0,4963.1,30.27,10001.46,49638257.64
2020,149,42,Navojoa,1,1,Elote,286.63,286.63,0.0,2909.3,10.15,2535.05,7375220.97
2020,149,42,Navojoa,1,1,Frijol,1787.16,1787.16,0.0,3671.15,2.05,13972.94,51296764.72
2020,149,42,Navojoa,1,1,Garbanzo grano,212.13,212.13,0.0,422.14,1.99,14024.31,5920222.22
2020,149,42,Navojoa,1,1,Maíz grano,423.88,423.88,0.0,4200.0,9.91,3886.05,16321410.0
2020,149,42,Navojoa,1,1,Papa,2971.82,2971.82,0.0,89154.6,30.0,8583.1,765222847.26
2020,149,42,Navojoa,1,1,Pepino,8.59,8.59,0.0,372.19,43.33,7575.26,2819436.02
2020,149,42,Navojoa,1,1,Sandía,78.0,78.0,0.0,2652.0,34.0,3500.0,9282000.0
2020,149,42,Navojoa,1,1,Tomate rojo (jitomate),65.41,65.41,0.0,1890.35,28.9,7378.33,13947626.12
2020,149,42,Navojoa,1,1,Tomate verde,81.0,81.0,0.0,1854.9,22.9,9848.7,18268353.63
2020,149,42,Navojoa,1,1,Trigo grano,21282.59,21282.59,0.0,135046.95,6.35,4844.33,654211722.43
2020,149,42,Navojoa,2,1,Ajonjolí,266.0,200.0,66.0,130.0,0.65,16300.0,2119000.0
2020,149,42,Navojoa,2,1,Algodón hueso,100.0,100.0,0.0,400.0,4.0,12750.0,5100000.0
2020,149,42,Navojoa,2,1,Frijol,65.0,65.0,0.0,104.0,1.6,18000.0,1872000.0
2020,149,42,Navojoa,2,1,Maíz grano,25.0,25.0,0.0,167.5,6.7,4780.0,800650.0
2020,149,42,Navojoa,2,1,Sorgo grano,45.0,45.0,0.0,238.5,5.3,3600.0,858600.0
2020,149,42,Navojoa,2,1,Soya,10.0,10.0,0.0,24.0,2.4,9500.0,228000.0
2020,149,42,Navojoa,3,1,Aguacate,16.0,16.0,0.0,208.0,13.0,16100.0,3348800.0
2020,149,42,Navojoa,3,1,Alfalfa achicalada,600.0,600.0,0.0,7998.0,13.33,1895.22,15157969.56
2020,149,42,Navojoa,3,1,Limón,25.0,5.0,0.0,50.0,10.0,5600.0,280000.0
2020,149,42,Navojoa,3,1,Mango,12.0,12.0,0.0,246.0,20.5,3776.83,929100.18
2020,149,42,Navojoa,3,1,Naranja,95.0,30.0,0.0,660.0,22.0,2780.0,1834800.0
2020,149,26,Etchojoa,1,1,Cártamo,4607.4,4607.4,0.0,9905.91,2.15,8433.22,83538718.33
2020,149,26,Etchojoa,1,1,Cebolla,46.7,46.7,0.0,1494.4,32.0,7543.57,11273111.01
2020,149,26,Etchojoa,1,1,Chile verde,157.8,157.8,0.0,4044.38,25.63,9008.93,36435538.71
2020,149,26,Etchojoa,1,1,Elote,486.5,486.5,0.0,4796.9,9.86,2561.97,12289513.89
2020,149,26,Etchojoa,1,1,Frijol,1754.81,1754.81,0.0,3666.02,2.09,13872.22,50855851.5
2020,149,26,Etchojoa,1,1,Garbanzo grano,27.0,27.0,0.0,59.4,2.2,14174.75,841980.15
2020,149,26,Etchojoa,1,1,Maíz grano,1932.21,1932.21,0.0,19200.0,9.94,3893.83,74761536.0
2020,149,26,Etchojoa,1,1,Papa,32.0,32.0,0.0,998.4,31.2,8493.13,8479540.99
2020,149,26,Etchojoa,1,1,Sorgo grano,4.5,4.5,0.0,24.75,5.5,3750.0,92812.5
2020,149,26,Etchojoa,1,1,Tomate verde,53.87,53.87,0.0,1265.95,23.5,9605.29,12159816.88
2020,149,26,Etchojoa,1,1,Trigo grano,11631.71,11631.71,0.0,71823.34,6.17,4848.49,348234583.85
2020,149,26,Etchojoa,2,1,Ajonjolí,44.0,30.0,14.0,18.0,0.6,16000.0,288000.0
2020,149,26,Etchojoa,2,1,Maíz grano,200.0,200.0,0.0,1400.0,7.0,4900.0,6860000.0
2020,149,26,Etchojoa,2,1,Sorgo grano,16.5,16.5,0.0,90.75,5.5,3500.0,317625.0
2020,149,26,Etchojoa,2,1,Soya,40.0,40.0,0.0,90.0,2.25,9551.11,859599.9
2020,149,26,Etchojoa,3,1,Aguacate,6.0,6.0,0.0,77.4,12.9,16000.0,1238400.0
2020,149,26,Etchojoa,3,1,Alfalfa achicalada,350.0,350.0,0.0,4500.0,12.86,1928.98,8680410.0
2020,149,26,Etchojoa,3,1,Limón,30.0,10.0,0.0,90.0,9.0,5600.0,504000.0
2020,149,26,Etchojoa,3,1,Mango,12.0,12.0,0.0,240.0,20.0,3740.0,897600.0
2020,149,26,Etchojoa,3,1,Naranja,70.0,5.0,0.0,112.5,22.5,2750.0,309375.0
2020,149,33,Huatabampo,1,1,Calabacita,64.9,64.9,0.0,1805.65,27.82,5884.35,10625076.58
2020,149,33,Huatabampo,1,1,Cártamo,4911.5,4911.5,0.0,10805.3,2.2,8309.72,89789017.52
2020,149,33,Huatabampo,1,1,Cebolla,13.98,13.98,0.0,373.27,26.7,7261.55,2710518.77
2020,149,33,Huatabampo,1,1,Chile verde,129.0,129.0,0.0,3453.6,26.77,7834.91,27058641.72
2020,149,33,Huatabampo,1,1,Elote,101.0,101.0,0.0,1026.16,10.16,2536.09,2602434.11
2020,149,33,Huatabampo,1,1,Frijol,707.0,707.0,0.0,1483.8,2.1,13876.99,20590680.73
2020,149,33,Huatabampo,1,1,Maíz grano,315.6,315.6,0.0,3000.0,9.51,4018.31,12054930.0
2020,149,33,Huatabampo,1,1,Papa,1603.39,1603.39,0.0,47300.01,29.5,8535.91,403748628.36
2020,149,33,Huatabampo,1,1,Pepino,98.5,98.5,0.0,4195.46,42.59,7691.77,32270513.36
2020,149,33,Huatabampo,1,1,Sandía,65.0,65.0,0.0,2242.5,34.5,3100.0,6951750.0
2020,149,33,Huatabampo,1,1,Sorgo grano,31.13,31.13,0.0,171.22,5.5,3800.0,650636.0
2020,149,33,Huatabampo,1,1,Tomate rojo (jitomate),3.0,3.0,0.0,88.4,29.47,8729.0,771643.6
2020,149,33,Huatabampo,1,1,Tomate verde,575.33,575.33,0.0,13520.26,23.5,9494.32,128365674.92
2020,149,33,Huatabampo,1,1,Trigo grano,29502.01,29502.01,0.0,179111.28,6.07,4782.7,856635664.23
2020,149,33,Huatabampo,2,1,Ajonjolí,687.0,587.0,100.0,352.2,0.6,16500.0,5811300.0
2020,149,33,Huatabampo,2,1,Algodón hueso,20.0,20.0,0.0,70.0,3.5,12800.0,896000.0
2020,149,33,Huatabampo,2,1,Maíz grano,20.0,20.0,0.0,136.0,6.8,4850.0,659600.0
2020,149,33,Huatabampo,2,1,Sorgo grano,40.0,40.0,0.0,216.0,5.4,3650.0,788400.0
2020,149,33,Huatabampo,3,1,Aguacate,8.0,8.0,0.0,104.0,13.0,16100.0,1674400.0
2020,149,33,Huatabampo,3,1,Alfalfa achicalada,800.0,800.0,0.0,10504.0,13.13,1907.86,20040161.44
2020,149,33,Huatabampo,3,1,Limón,30.0,10.0,0.0,90.5,9.05,5600.0,506800.0
2020,149,33,Huatabampo,3,1,Naranja,22.5,2.5,0.0,55.5,22.2,2700.0,149850.0
2020,149,3,Alamos,2,2,Ajonjolí,300.0,50.0,250.0,5.0,0.1,16500.0,82500.0
2020,149,3,Alamos,2,2,Frijol,250.0,25.0,225.0,5.0,0.2,14000.0,70000.0
2020,149,3,Alamos,2,2,Maíz grano,1200.0,200.0,1000.0,70.0,0.35,4000.0,280000.0
2020,149,3,Alamos,2,2,Sorgo grano,4000.0,250.0,3750.0,50.0,0.2,3100.0,155000.0
2020,193,55,San Luis Río Colorado,1,1,Ajo,1.0,1.0,0.0,13.2,13.2,13500.0,178200.0
2020,193,55,San Luis Río Colorado,1,1,Avena forrajera en verde,271.0,271.0,0.0,7588.0,28.0,800.0,6070400.0
2020,193,55,San Luis Río Colorado,1,1,Brócoli,882.96,882.96,0.0,19753.0,22.37,10936.82,216035005.46
2020,193,55,San Luis Río Colorado,1,1,Cebolla,1038.91,1038.91,0.0,20285.0,19.53,13216.64,268099462.5
2020,193,55,San Luis Río Colorado,1,1,Lechuga,210.5,210.5,0.0,4655.0,22.11,7124.38,33163988.9
2020,193,55,San Luis Río Colorado,1,1,Trigo grano,7850.98,7850.98,0.0,49166.0,6.26,4503.5,221419021.04
2020,193,55,San Luis Río Colorado,1,1,Zanahoria,45.0,45.0,0.0,1380.0,30.67,7000.0,9660000.0
2020,193,55,San Luis Río Colorado,2,1,Algodón hueso,4116.0,4116.0,0.0,16500.0,4.01,11657.27,192344955.0
2020,193,55,San Luis Río Colorado,2,1,Calabacita,12.0,12.0,0.0,325.0,27.08,6055.38,1967998.5
2020,193,55,San Luis Río Colorado,2,1,Cebolla,772.0,772.0,0.0,15135.0,19.6,11391.06,172403737.2
2020,193,55,San Luis Río Colorado,2,1,Chile verde,3.0,3.0,0.0,90.0,30.0,8200.0,738000.0
2020,193,55,San Luis Río Colorado,2,1,Elote,50.0,50.0,0.0,710.0,14.2,4250.0,3017500.0
2020,193,55,San Luis Río Colorado,2,1,Lechuga,74.0,74.0,0.0,1450.0,19.59,6850.0,9932500.0
2020,193,55,San Luis Río Colorado,2,1,Maíz grano,497.0,497.0,0.0,4200.0,8.45,5100.0,21420000.0
2020,193,55,San Luis Río Colorado,2,1,Melón,23.0,23.0,0.0,685.0,29.78,6456.2,4422497.0
2020,193,55,San Luis Río Colorado,2,1,Sandía,213.0,213.0,0.0,10520.0,49.39,3500.0,36820000.0
2020,193,55,San Luis Río Colorado,2,1,Sorgo forrajero en verde,405.0,405.0,0.0,8100.0,20.0,875.0,7087500.0
2020,193,55,San Luis Río Colorado,2,1,Sorgo grano,825.0,825.0,0.0,5032.0,6.1,4132.51,20794790.32
2020,193,55,San Luis Río Colorado,2,1,Tomate rojo (jitomate),4.0,4.0,0.0,98.0,24.5,3614.29,354200.42
2020,193,55,San Luis Río Colorado,2,1,Tomate verde,11.0,11.0,0.0,350.0,31.82,5580.0,1953000.0
2020,193,55,San Luis Río Colorado,3,1,Alfalfa achicalada,4023.54,4023.54,0.0,72510.0,18.02,3290.08,238563700.8
2020,193,55,San Luis Río Colorado,3,1,Espárrago,3486.0,3486.0,0.0,41338.0,11.86,40019.11,1654309993.0
2020,193,55,San Luis Río Colorado,3,1,Naranja,14.0,14.0,0.0,154.0,11.0,1661.04,255800.16
2020,193,55,San Luis Río Colorado,3,1,Nopalitos,4.0,4.0,0.0,60.8,15.2,4505.0,273904.0
2020,193,55,San Luis Río Colorado,3,1,Uva,109.0,109.0,0.0,735.0,6.74,23214.29,17062503.15
